-- phpMyAdmin SQL Dump
-- version 4.7.4
-- https://www.phpmyadmin.net/
--
-- Host: 127.0.0.1
-- Generation Time: Jan 27, 2019 at 05:28 PM
-- Server version: 10.1.29-MariaDB
-- PHP Version: 7.1.12

SET SQL_MODE = "NO_AUTO_VALUE_ON_ZERO";
SET AUTOCOMMIT = 0;
START TRANSACTION;
SET time_zone = "+00:00";


/*!40101 SET @OLD_CHARACTER_SET_CLIENT=@@CHARACTER_SET_CLIENT */;
/*!40101 SET @OLD_CHARACTER_SET_RESULTS=@@CHARACTER_SET_RESULTS */;
/*!40101 SET @OLD_COLLATION_CONNECTION=@@COLLATION_CONNECTION */;
/*!40101 SET NAMES utf8mb4 */;

--
-- Database: `relationshipdb`
--

-- --------------------------------------------------------

--
-- Table structure for table `activity`
--

CREATE TABLE `activity` (
  `activity_no` int(3) NOT NULL,
  `activity_name` varchar(50) DEFAULT NULL
) ENGINE=InnoDB DEFAULT CHARSET=latin1;

--
-- Dumping data for table `activity`
--

INSERT INTO `activity` (`activity_no`, `activity_name`) VALUES
(0, 'Football'),
(1, 'Video Games'),
(2, 'Football'),
(3, 'Cricket'),
(4, 'Basketball'),
(5, 'Smoking weed');

-- --------------------------------------------------------

--
-- Table structure for table `attributes`
--

CREATE TABLE `attributes` (
  `user_id` int(5) NOT NULL,
  `height` decimal(4,2) DEFAULT NULL,
  `job_type` varchar(50) DEFAULT NULL,
  `education` varchar(100) DEFAULT NULL,
  `company` varchar(100) DEFAULT NULL,
  `bio` varchar(500) DEFAULT NULL,
  `sex` char(1) DEFAULT NULL,
  `ethnicity` char(50) DEFAULT NULL
) ENGINE=InnoDB DEFAULT CHARSET=latin1;

--
-- Dumping data for table `attributes`
--

INSERT INTO `attributes` (`user_id`, `height`, `job_type`, `education`, `company`, `bio`, `sex`, `ethnicity`) VALUES
(1, '6.10', 'resources', 'BS', 'micrsoft', 'hello hello hello', 'M', 'Punjabi'),
(2, '5.60', 'management', 'BS', 'careem', 'hello hello hello', 'M', 'Balochi'),
(3, '5.80', 'engineering', 'BS', 'kfc', 'hello hello hello', 'M', 'Sindhi'),
(4, '6.10', 'medical', 'BS', 'mcdonalds', 'yolo', 'M', 'Caucasion'),
(5, '5.60', 'computer science', 'BS', 'google', 'hello hello hello', 'F', 'Gujar');

-- --------------------------------------------------------

--
-- Table structure for table `feedback`
--

CREATE TABLE `feedback` (
  `feedback_no` int(5) NOT NULL,
  `rating` int(1) DEFAULT NULL,
  `will_meet_again` varchar(1) DEFAULT NULL,
  `user_id` int(5) DEFAULT NULL,
  `hangout_no` int(5) DEFAULT NULL
) ENGINE=InnoDB DEFAULT CHARSET=latin1;

--
-- Dumping data for table `feedback`
--

INSERT INTO `feedback` (`feedback_no`, `rating`, `will_meet_again`, `user_id`, `hangout_no`) VALUES
(1135, 5, 'Y', 1, 2269),
(1136, 5, 'Y', 2, 2269);

-- --------------------------------------------------------

--
-- Table structure for table `hangout`
--

CREATE TABLE `hangout` (
  `hangout_no` int(5) NOT NULL,
  `hangout_date` date DEFAULT NULL,
  `participant_1` int(5) DEFAULT NULL,
  `participant_2` int(5) DEFAULT NULL,
  `place_name` varchar(200) DEFAULT NULL,
  `address` varchar(300) DEFAULT NULL
) ENGINE=InnoDB DEFAULT CHARSET=latin1;

--
-- Dumping data for table `hangout`
--

INSERT INTO `hangout` (`hangout_no`, `hangout_date`, `participant_1`, `participant_2`, `place_name`, `address`) VALUES
(2269, '2018-02-11', 3, 2, 'McDonald\'s', 'F-10'),
(3212, '2015-02-11', 3, 1, 'C1', 'Univ. Blvd'),
(3757, '2018-07-13', 1, 3, 'CR-4', 'SEECS UG Block');

-- --------------------------------------------------------

--
-- Table structure for table `involved_in`
--

CREATE TABLE `involved_in` (
  `activity_no` int(3) NOT NULL,
  `user_id` int(5) DEFAULT NULL
) ENGINE=InnoDB DEFAULT CHARSET=latin1;

--
-- Dumping data for table `involved_in`
--

INSERT INTO `involved_in` (`activity_no`, `user_id`) VALUES
(1, 5),
(2, 3),
(3, 4),
(4, 2),
(5, 1);

-- --------------------------------------------------------

--
-- Table structure for table `matches`
--

CREATE TABLE `matches` (
  `user1_id` int(5) NOT NULL,
  `user2_id` int(5) NOT NULL,
  `match_no` int(3) DEFAULT NULL
) ENGINE=InnoDB DEFAULT CHARSET=latin1;

--
-- Dumping data for table `matches`
--

INSERT INTO `matches` (`user1_id`, `user2_id`, `match_no`) VALUES
(1, 2, 111),
(2, 3, 123),
(3, 2, 222),
(3, 5, 138),
(5, 3, 457);

-- --------------------------------------------------------

--
-- Table structure for table `preferences`
--

CREATE TABLE `preferences` (
  `user_id` int(5) NOT NULL,
  `hair_color` varchar(20) DEFAULT NULL,
  `skin_color` varchar(20) DEFAULT NULL,
  `gender` varchar(1) DEFAULT NULL
) ENGINE=InnoDB DEFAULT CHARSET=latin1;

--
-- Dumping data for table `preferences`
--

INSERT INTO `preferences` (`user_id`, `hair_color`, `skin_color`, `gender`) VALUES
(1, 'brown', 'white', 'F'),
(2, 'blue', 'white', 'F'),
(3, 'black', 'black', 'M'),
(4, 'green', 'black', 'F'),
(5, 'black', 'black', 'M');

-- --------------------------------------------------------

--
-- Table structure for table `profile_pictures`
--

CREATE TABLE `profile_pictures` (
  `user_id` int(5) NOT NULL,
  `picture_no` int(3) NOT NULL,
  `image` blob
) ENGINE=InnoDB DEFAULT CHARSET=latin1;

--
-- Dumping data for table `profile_pictures`
--

INSERT INTO `profile_pictures` (`user_id`, `picture_no`, `image`) VALUES
(1, 1, 0xffd8ffe000104a46494600010101007800780000ffe100224578696600004d4d002a00000008000101120003000000010001000000000000ffed008450686f746f73686f7020332e30003842494d04040000000000671c0228006246424d443031303030616136303330303030353031363030303033613334303030303435333530303030643733363030303031323463303030303435386530303030323939333030303066613935303030303861396130303030336231313031303000ffe2021c4943435f50524f46494c450001010000020c6c636d73021000006d6e74725247422058595a2007dc00010019000300290039616373704150504c0000000000000000000000000000000000000000000000000000f6d6000100000000d32d6c636d7300000000000000000000000000000000000000000000000000000000000000000000000000000000000000000000000a64657363000000fc0000005e637072740000015c0000000b777470740000016800000014626b70740000017c000000147258595a00000190000000146758595a000001a4000000146258595a000001b80000001472545243000001cc0000004067545243000001cc0000004062545243000001cc0000004064657363000000000000000363320000000000000000000000000000000000000000000000000000000000000000000000000000000000000000000000000000000000000000000000000000000000000000000000000000000000000000000074657874000000004642000058595a20000000000000f6d6000100000000d32d58595a20000000000000031600000333000002a458595a200000000000006fa2000038f50000039058595a2000000000000062990000b785000018da58595a2000000000000024a000000f840000b6cf63757276000000000000001a000000cb01c903630592086b0bf6103f15511b3421f1299032183b92460551775ded6b707a0589b19a7cac69bf7dd3c3e930ffffffdb0043000201010201010202020202020202030503030303030604040305070607070706070708090b0908080a0807070a0d0a0a0b0c0c0c0c07090e0f0d0c0e0b0c0c0cffdb004301020202030303060303060c0807080c0c0c0c0c0c0c0c0c0c0c0c0c0c0c0c0c0c0c0c0c0c0c0c0c0c0c0c0c0c0c0c0c0c0c0c0c0c0c0c0c0c0c0c0c0c0c0c0c0cffc00011080080008003012200021101031101ffc4001f0000010501010101010100000000000000000102030405060708090a0bffc400b5100002010303020403050504040000017d01020300041105122131410613516107227114328191a1082342b1c11552d1f02433627282090a161718191a25262728292a3435363738393a434445464748494a535455565758595a636465666768696a737475767778797a838485868788898a92939495969798999aa2a3a4a5a6a7a8a9aab2b3b4b5b6b7b8b9bac2c3c4c5c6c7c8c9cad2d3d4d5d6d7d8d9dae1e2e3e4e5e6e7e8e9eaf1f2f3f4f5f6f7f8f9faffc4001f0100030101010101010101010000000000000102030405060708090a0bffc400b51100020102040403040705040400010277000102031104052131061241510761711322328108144291a1b1c109233352f0156272d10a162434e125f11718191a262728292a35363738393a434445464748494a535455565758595a636465666768696a737475767778797a82838485868788898a92939495969798999aa2a3a4a5a6a7a8a9aab2b3b4b5b6b7b8b9bac2c3c4c5c6c7c8c9cad2d3d4d5d6d7d8d9dae2e3e4e5e6e7e8e9eaf2f3f4f5f6f7f8f9faffda000c03010002110311003f00fd6982d37ae30dfe15623b00a473578596d8b3f2faf1da9ad6e5533fa57da2a88e1e565278369db8f968f2c938dbf779c5592bb4676f538e94b05a7da25eb8e8471d6b439e5b955a1132f98d1aac98c70318aceb8b679e4efc77addf144b6fa2e9725d5c5c436f6f0c6649259484545039249e0018eb5e37f13ff6b6f0ff00c3ebabfb1b763a86a70c405bf944342d31ce439cfdd5f9492339c91c11ce94e4ef746738d99dd789bc47a7fc3fd28df6a974b6d0afa8cb1e42f03be0b2827b647a8af9dfe2bfed517fe309751b1d2646b3d25e785a1963919676088723208c06639c01d8735c8fc6afda9350f8b61acd634b3b188cd0e10fcd3c6d244e158e3a06850f18c9cf6e2bcdc5c0df9dccab9daa79c135139396e28cada9eb571fb44f8ab545b88e4f106a8d15e44639a35b8645756eaa46791c28e727031d38ae7ffe1266665ddb9bb8e6b9182f5564e599430c75eb45debc961002ce1949c293d091c9fc8573aa708ad51d319b6aececa3d6e59be6505bca527e519da3a93c76f7ed8a8750d7646b916eaec91c04348fc8dcc71f28e79ea7dbf4ae2a7f8930d9ab2333471cc391bb19da376d3c1e49f4e871e95943e21c77b6ca96324c2fd14cd1a237cd031f95492700b00776413ef81c8e4ab2b7c2694d27a963c45f1213fe1228e3b79bfd1db62b88c7dd50fcf5c0273ce4e33c579e6b5e239a4d2ed96f25b89ad6ddc84853a63924eee3aeeebd70b8070062d693e19bcd7f54b89e4ddf638732cd38564e33d8e0f27a00473918ae57c7de29d3e2bbb8ba8665686dd4abc0c40f298602907773bb8e9c839edc571f326ec6c8cbf1d6b11ac4b6b1c0be74ca02b64e500ce4f3900e01e5471cf3d4579bf8af5793cb9256daaca542a1edc633d3fc3b7506aff8b3c751da6911dc6d8e37994260119553d79079fd08f6edc078ebc750ead122461a3850ee509825b8240c7a63f993c66b9e4d6c85a1fd28f8c7c276da5c76f259472aac990ff36e1d8f7e7fa5607d8d664937491c7b4701c1f9bf215e71e1ff00dae35cb7badd7d6da66a0b9c05920f2dd38fe165c0fcc1fc2ba0d53f6a9f0dd86872ea179a1bc1e4ed3211302b9638c0e39f9880011ce6bd0a51af04a3357f3b84e5464ef1763735131dada3492491408b9676770aaa3ea78af33f887fb54f85fe1dd86b10c574b77ac58c6c904007eee79ba05c8e76a92092700807049c578afed25fb5ddff00c44fed6f0de836f6f6da1b48ac6e572f34d1ed00aefce02924fcca012bf2e70c41f9bfc43afc9a5cd3799bb7ab900b1c12d9c7e5df35eb538dd7bc7154adafbbf79ea3f183f6b3f127c47d36e74c9eed62b3b870d2c71c4a9e70567640dc13f2ee030080422e7711babcaa5d7d761dc3cdb8981009f980cff5c9e6b9d9b5c9ae2369149dcaacc1c1c0393827ff00afef59e75e4b7b87dcad3184aeedb2ed504f5e71e9d8739f7a552a28ab239f56eecdc3af4d249ba3ddb431e3ef631fd71935bade25b6b5b62b3222c718259c93f3b171cf619c9001c6318e4735c02ebd35968971346ab36d1ba66c8c60e328549395c1c1c74ae4756f88535d4325b9fde46cfc80bb77f423a761e83d3bd71caa3932923d0bc45f112dd24f2a19264756c6ece46416cfbe0f07f0e9cd66ff00c25d2ce23f3a67d91b109b9b39e0f6fc3f4ae36d209b504fb567e5cee6ef9ee33e9c63f3fced3346b7b1c7770dc1b7462c467c9e460ed39e476cf39191d3a544ab2b58d23e46e5beb4fa9c3f2eec17daafb4952411f2f7049c8e3afe82b4fc236130bb6b8789e78e4612054391b543a02382403b8e580e08c6176e6b26d7c5764ba242aa2cacedee0946897718d95305f79c7cdd0b649f94e782496a4f09fed4c3e107fa4e97e46a36f0caf3c76d3c8d125c79a8d1624d847dd2a0e1586fdca5c3280070cab4e7a247446515230b54f8ed796fe23d6b47b88c48b6876c31993cc114b1e72ea70a02bb12d8fa007a13e5b7de258dbc3d72248cbc935c1944acbbbcd21471dc11f367a1c1c73d45646a5af19b51d7ef16cf4fb104efb7b4b60d0c36cb8d980172a06cc3166c962bf364b935c5dd6b5757baaad8c8b751fd9705926196cb0505b1db20e467b28c67ad633b74378ea2eb7e2669599719b76531467772a0123a139191903a700f7eb83a86a05ad9a3b7f2e3b38c92bc90ce73db93b8e7be31f4aa3e26f1033ea6cead1b42ac7112baafd06300e7f33daa85d6a708b58d96295a62e5a4c236d6e0edc12c4f1f418cf5359ca5a5d01fb75e2df8cba3f85525f22e21beb85dcdb01db1e70afb7760e72ac79008c8dbe98f28d7fe34ea1f10f5b86cfed096b133ed766fba9b986338cee09818e33ce7049af32b2d61e491a79a6da3958d79fdee46377d06319cf041f4abb2e967c37e168fc4b34eb1e9cb72d6d14e275df34bb436c5889de7e5218b63680cb920900fd0ceb28c6d73ca8a6f53bbb1d46df47d4351b7fb4476925ac2cfe648a3cc608bb87cac0ae1880a370cfccbd3807ca7c65e3c17b7ccc66472bf287da32c72771c74ff00eb2f6ae6fc5bf12e7ba8d667696665397dd921c75cfd480b9f7e78ae664d516fe79374d0c7ba462ac46d5407a0fc739e3fad4d3767ccc2526fdd4750baf9fb3f9923738014eec2c6060f3ea7dbfdaf6acbd435e85e474859e311906462f9c81c64fe3efe9f5ae5759f16f92ad00997c9b7f95578ca8e4e33fef1fd3bd64ea5e219e4923b711c70c9247c850092770238f53e9dab2a92d6ec2299d26afafdd5e5c0b18a44f2778791987120e07fdf433c01d8e3a55cf0de9f1dbc17525edcb6c5424491c6245c81edc73c739ce48cf046795d1b5b863d3c6e9a38da50d179d229f2d0afccdf31e30327af63dfa98fe226bd37847e1e69b78b3ac6354be6023dea5bcb508a180c1186f31c67073819c951b78aa56e86918b5a9d50f1ac9a4dee9f1dbc905d45bcabf9a9bf796fe1c719c83ebc82339e9593f13fc7b76de31b766530c6d3f98ebbb600a8707049276ae1864f53bbb8ae07c2be30c788269dd9aded6d266dcc8fbf8d814648e876904e390327a8cd62f8c7c692ea1737135e4dbe732b25aabb6e088c39073cf0a3d780e0563ccb9b52efa58ebb57f1ebcfe148d2d9a7921589848e5485047f0e3181c86393f311201c818ae324f124961aa42c676593c932c84fa3678c0c67e5c1e9fc5db1c63dcf8a97c3fe168f6b2ac774cd713ff16c4555d8bc9e49c93ce472074e98d3f8cd7fb2aea69374cd711a98f66d2cc4e548c64301938f94630cc73cd1ed2db1518bea6e783fc5a749d6e3be5917cc8d8ba7caa556303ef007b718e01e9ee33c5ea9e2791bc47751fef6ea6bab86925790e58f5e5ce0718ebd33cf4acd97c4692df1db24d200e1804cb1240181c7d7d3802a28f50fb1594971332c935c6540650ed9c7ccc4038c63a860492c171c31183b26df53aca9acdc45e746ad3d9b286cee8d3a9ee36ae3a63a9ff1155efe692d996ce38a369246c131f196ce361ddc8ea78c039ac7d53c40f73a824bfbbdb1ee3911f97c631ce33ee31dbf0adcd3edf4f1e1c8ee352668125915e1489d40618fbdbb1c9e73804600c704d672a892d47b23ef7d4bc5eb059dc4d334db3ca36ea4feeca00e482991d0f248e7ae3e981e2bf8ad71e2a4b35b8b7861fb0c1f65b711c21004040c9f56f539ebebce78dd5be218beba8e29bcbf2e30012eb9520679c773bb773d4f7cd655f788eded847e5b47260eddd20e80e010063a6307a7735eb465b731e672dd1d5aeb2ff688ccebe4b31563bba600f989c67000cf63c0acf3e38861322379cae220a1d71cb60f7f4e40c7a67d715cbcfe325babe986e8e38f6280c3e61b461b9c7519e307d7f399bc436fe16f0cde6a3730acb35b8458a2762d1b4af9c642fa637638e17f0a2551ad592a2ee4d6badbeb3abc3ba4912286e96171c0cb302f8e4f27683d7818ea29abe375ff0084c16c61ba8e4b78e3919d906598bb204f9fef0e38c617bf39231e5b71e2bb5b7b9bab878d52469a591153fb9965f9b9cf24e30338ebdea3d0b5187c41a96a1737371f6790baac6015d864e1b04ab165000ee31c823d2b96b56eacd5248f60d5fc4fa7f857c61696b7771b963b5f39a4813710cee1d63566390bb589240e300fbd717f163e31d9f8ccdb86865b6d2ede5716d1c5bfac9f319587672bb4160724aa0002a807ce75fd7e6d165816fa48d5a75660371668908db85209192140cf3dc608c138baaeb56be209628e38e668550111c2e5997f85541038cf5246e2003d3b73ca49be62f98f44f1478d2dadef2d6f9a6596ce15da9049f23c92bee1c9c81dfb803f0c91427ba3e2049a455792d2c664b8bb78e32bf678db3b864ff763da095c9ebc0ce2bcf75ed0758d17478d8c7348b34c6348f71f3106e1180541c92c4f51923239e41af51f879e121f0b6d5af26bdd2e6bebd8c168bcbf99094501449f337f0b02769e8ded9e5af888d38f327a951a6cd3f1558e93e35f0e4d1e8ba45c5c5c4833b774aa5bee625dab86e06e60992a3701b7b8e57c57f0c17c3f1c96b7d7ade75c3a3c416684ce4609065085b0a09238604919f403adb8d4a4d6658cc16f15bcde43dbb4d140778ddc9468d5f050939df80dc74238af30f1078ed758d6ecec6ded5a5d430d668b0b13e6bee2495db9ce01c63ae39e38038e8622a49f2a7a2f9b37d364321f871716b7923dced9554b6e73ba20c31e9c96ce7a202464e7918139d1a3d46c5a18e15b56b7397903ac610103e401896decabb803c2ee5527bd6ee83a7da45a44d75abcb75750d99fb32c166305c83b47cec0a85ddc0cf72071952dbfe216f0ff008802594967a3da3c3184824ff8f91c1077af9600dccc0ef2a3e607e60768aaa98b69d993cedec7924da15bf87f568e73677c1a1459163bb800c3be4abb3200318e430c8e09e3040d4d2be15eb9f10a193507ba5b7b50a23b3fb6c9fbed41860960873fbbe490d9cb72467935ddebff000db47f8bd710c371a5c4d22b006752d1c922e431f9c2f0a486fba54004938e6aeeb5e10b7f0f4e9f6e97c3b6b142abb2d62ba025853202c5146a705f6ee1850dca126b19633eca7a971eecd5f105f3590dad70ad70aa93b293cc795c0196e7a1e838ce3f04d2b489fc4b796ab1a4d23dd30f2ade18ccd34edd788c64ed00162c7002fd0d767f077c4f6bf137c69a5785b5cb5d2e6bcbebc549af1ecdbedb6f330e636917e7789191d7190adc95653f38f44d4fc59ff0af34f8b4d5863692de3314d3e8f69346b24581fbf8d115c3162598167555dc77312a19bd0a99a38ae54b5f52658471d7a1f3e7883526f0dfc42baf0ddd5aa5acacbd0847995f0183ee2dc02083f2657af5e95da5fe85a64d6f6b6b69ae69c6f915093768c2376ddce5f1845119c03c9ce704aee03e79f88fe2dbfd27e26ea5a84b25cc77578a5251323432c684ee1b4649038da3938c6320f02c7c36f1d5beaf0cda4eb57bf62bbbcba43f689da768d411f2960a1dce3e53f221c861d7a573e22a57924e32f526146eeccd2f885e03d56d669668ae22ba2ceb0cfb217586cdf92aa58aec65f95ba12005071c9020d2b4b93c3f69a7f9d711cd7125df9a61420978f29ca8e0a8c739030dbfa8e056ef89bc5ba0784d2f2ea1d46ebc4be1fd434b4685ad6dff00b3e38af5b61915619d5d99621195664e19d8b02bf3463ca575dbe7b88fc59bac21d36df3158c2f3ffa447904a32c7b8b2c6a3f8b6edcae339e0e9ede7529a52febc87ec650977b6f6d7faf95cf58f0c781b49f881f1274db0bcd6347f0bd9eb0c2c3ed3ac3b2c1a75bb6e6f3ce32cd9dac831825b1c80db97e90b2ff00827e7c2fb7f084bac784fe397c21d76faded1e4b1b0d66ea0d25a5707f79248cf78eeb22aa3052ca63539ce07cc3e0f9fe23de5ef8aedf51947f66b6d1398a4dc51d0ed42cbf31da49e4e3f88600006dafbb3f65dfda8752f04fec7126bf67f0874bf1cc76335fe8863b9be09269f1416f6ecf24d14848995da76c98e1dca4f24872e38b152ab18ab3febccfa0c928e5f3e6a78d82daea5ef5d6cb4516979ea9fdc7cdbe30d661f877e38bcd1e44d37edba3ed3789613453d9db2a4619c24f6d2342cdc72177444f1f30385a975e2237775fda5a9cb33d9c710bac4972194973f28eb95c927818c05393d6beb9fda63c31a5fc5ef0cc9f0d745f84bf0bfe07eb8fe248f4eb4d6f5dfb4dbdbeb53246f20b382e2cac8c911923fb3cc11e58c346c0e3a6efcf8f1bebd7a7c43ad785dace1b6d53c2b757368df629669ada79a097648d1891127551b5f0b2aeff009f0c4150a628f255d7afdfa3ea73665962c33bd297341e89d9ad56eacf5d3becfa1e9fa1fc4d8ecb5d856e35036ba3de2c938924fddc76b0265f78007cc7ef12141dc081805b755bd0fe34f877c47acc6dff00088f37d33ec9ed2c505e2068d099e29230642406058cb98e4e4ed466c0f09f05add78a3e24697a3e9f6b7d78db4c50dadbaaf9d28d85484c6705b69c820753d857a349fb2f78f2dbc63fd8fa9782eebc3b35ac71c8f692dda4334c5958c6c646de24dc172724f0e002bbd6b49d184773c99536dd91d1dd694b63e3868349b7d2ef1b4d3209c416eb71e7061feb02c47620e10000900a904e1582e9697a05c78bbc4fa7e9ba82cf6775a8016f0bdb451aaa972029445dc7270004c8043026b999bc23f123e03e9fa95d6a1a7de69fa6eac145d4f1c259a47424c605c6d2b93bdb03738cb1e016359be1bfda363875b9aea6b3487506802b24b8b178dcbaa9f9ce0b89000086ca9e8738cd53827aa77b1b463d19f4cffc28cf0bfc15f08c9abde5c79dad5c7ca62b9d4ffe3d87fcf431bc5136d0571c3643630457876bfe2a8b59f0b2cda4d8e97fda4d232a4d1599375c900fce9864da416dc55b18195538154ff689f8d973f10d959f54b1691a356b7b482f9228170aa372091fe5240e5cf380464f02bcc74ad466d57453a7c37d9bf9a40896f6b702e37aee036e549f9b193c03bb7f5040a98c13f7825284a5a23f73fe26ff00c13b7c65a6f85750d6bc45f10ec6d61d151ef9e5b3d22668becf146cd27c8a8d23b280c762b1dc40c01c2d7ce3a5e85f0b7e2acfa0cf71f16b41f1069d63ac4725e585be837171731ae1b32489294202c6ce0920f32a80afce3f55fe1ee93f1121f10798baf7876f74e9a365ba105b4b1dc5bca36ec61e5cac1f77cca55b66073c91b6b6bc71f0ab49f8876f08f1e7853c2be369a3cc518d5747b4bb609d768ce5b680703201f6e6baa34e0b647a1394af76cfc01fdaf3c0fe1df0ff00c78d5e6f0fe91ac783f40b17920d39b51b7122dec0e3ef1911cc65f9201f324383d41da13c9fc33a347a84cf61a5d9f87858e02bfda64b7b6c30214babb0da3201e3ef70324e78fe823c6bfb1dfc11d7ec52dedfc22f631140b1c1a56a3aa59f900f1848a368e350381b47caa171f2a820f837c57ff820f7c3bf89da735ce93e22f1269b3c2cb3efbe58678f69ce37ac71c45f078dcce59b18766191438dfe239e5493ea7e23789e1f176897b6ff0062d175cb7d2ac6758c49648f736ec63cba6e5871b438e40df823e65cf5ac3f1478f61d756def35ef235ad43eca8815ec941b5058b614e48190415380725cff00166bf583e34ffc1bf9e20d234abfd53e1cfc44b4d63588e6f3e2b1922815ade250ecf1c41a78f7166da1497c0c6181cb3af9a9ff00826b7c70f0e7872d67d53e14f827c7970cb23490beb9a4e8bad841330f9cb48f19628a8ea44cce0b81ced04e32a3aa947faf99cf2c2abdd33e1bf005bf84f55486e6f2c6dec5adf115ac5750f9324e155320b6f8c9593383e6798bb493df03d2b4dd46c2dbc1df61b5d2ec6ef4ff00ed09f534ff008985e4222f39503e4c6a6339f2f90c8cbc70a18935def8a3e1ae9fe03f11c1e1fd73e0cfc50f0f5d5d422e60b38eeec3549a676c8c451f9a4cbfbc5c0d8ecce491b41c57917c52b8f87fa2b5cc76f1ea167ab421ae0e8fe29f0ecd677b346ae0b449e59758ddcb280fb9474e01000cdd29c9db5fbdff0099d1caa30f795cea3e167ed0de39f84df12b1e1386eb504f10450a5c897c4464cdc20e5ca3c6810aa204f3235058101816c6393f8fdfb36dd78d3e342bdc2d8f833668d1de9d4ec6dcdc5c6bda85d4ad2cd3dc3332bed0030ddc9577217728212f7897e284de178b47d2ecf47d22c174fba8f517874e02dc79e321558a82650a8ee9972cc439f9abd82eff006a86f19fc3db187c7763fdade17b3dd0c5636cfb21d30b11be5455c4bbc9dbba6dece015190368ae88e498858ae68b4a36d5f9dbb6b7f9fa9ddfdb345e5ff579df9afa2dd257efbf9e97ec7c9b6ffb1dc7e1dbab79afbc56be4332bc28fa3ddc4666d9b9d58856db82c9c8dc3865c822bd03e166ab3782be2769fadc0349f105a411a5bdc58422585a357d8199da58a3d84f28180ce0328e5b9ec3c5be03363a841ac7825fc43e22f0edd465ed2678499f4edacbba299510a641380e76a9127dd1b4818377e30d62c61668af3528159190c9776a8883702046fbd40f2df2032be54862986caeec6ad39c64e9d49276f438e32a4d73411d37c41f8d5f109bc431dd69979abb5bc70965b492496d6e2c06f0bfbf8c1c4cbb588de171d09500b5790f8f74dd74f8a61bed36f34fbb92dd8adcd95baa98a093a152b1a6d52ca4b1046392773f41da5aeafac5b58adbcda8697631da4db228ce9915b4d6bbd0078e3689311c6c71958c950c72149e4e45868167e1ed3750d5b48d516d4ea8a7cd985cc91c8ee771031e7332ff00172a4f19182324f2f2f27f0ec97ccc654db7a6c797fc4af0eddae98daa5d6a1e64f33b8585a059524031e588fcd5c823241e5b681c039c1e5be1f78b254d6ee218f526d3ee1937aa042b04cf8f991913e501beee08c77c7a759f1aafb58d6354996e534dbcba84ed7bb47924964524b005cb10546ec0cafe03ad727e05f05278ce1bcbcd3a4b39afe1837496f1ef52d0a8f9ba80982c40da09c9ce42e413d14e32f67fbcfc08f66cfea37c25fb5fe93e33b5fecfd3fc5de17dd6d107b8b78af2ca0bab68ce5434910db22a371f3370410c0f233d07873c510fc499ff00b3f45f1b59c97422575b5b1d462923850103247cfd0632aa02e49c7707f1a35ff86634af16de78da6f13f8934092ca43710416ba5a5e437c91a2f9cd1979d6e47ca1dc876649092422a32eef6dfd8b3e2c69ff000cbe385c78a97c59e2a4d1efad16c2c754bbf0f2db45146eeacdf6cb98fcc446696dc84db8601034a41a9a38d8d5925069aeba9e9c69c2516efaf4ea7e96fc46d5750f06eaf1e95a85cc1af3488b732c728961fb3a03803fd72f9a4e0ff081d815cd52d77e21cde1b9a0b9d32e6dee2e97e61693e9cf6308dca01054b4db4e002080c7271939acbb1f8cfa5f88bc32d6f36b9a5eb16b650b18608b4d7696e19c063fbc381cae18ee2091865cf0c2bdc6b76375a643e5c7617df69610224f2f97b086c90c59b6afb1276b173cf048ea94bcce7d4e9fc27f15ee12d615d527934fb8d815e2494c96cbf39f9e390c71b838dbc6c503a672727a41ad7807c4b68a26d59b54689b622ca6e1e68067276c8bc1505ba7ca07a649cf2b0cda5699aabdadc1f0f6d98aa25ac97aab2c2c46ddab1a798558374c92093c9c826ba2d6be03e83af3aa6b30adb5fb234e12d1addcc61703cc032c4a82d82e1700be38c834a3cd61338bf1f7ecd5f0a7e286af0c9abf83ac7c45a933ab433ddf87adaf65551b8ee5693382303f8f3ce6be4fff0082cffc1af0bf833fe0983e3e8b4d5bcd260f0ebe88da5db1b558ede30353b4536d1a29222f94e72a400a9800e580fb62ebf67b5d35ee2d346f156b064112ccd617570b37991b71b822b0f9376403b719c6074afcfbff008383fc7bac7c36fd933c3fe09d597549f4df196b5bae27b84c5abc769033808e0637196485b19ff96678f4ca52945f37534a74d4df2bd8fc77d7bc7334b729a8edf3997130419f9861980fa9d9591e35f8d33dbf8599ec6e2e2352b1c3344c81a3657450a48fe1ece18641dcbd36d456f7b6d05c44d9692de092075c9c968c3e1b3f556a77893e1f2dc6893e8b32209b4b93c949ba25d5aeedd19ce71950db4e79036f4eb5f49294dc743c88c22b73ea4fd8ff00e18f8c3f6aaf853a869be08d7bc49a56b9e1d87fe120f2742b878ef3538e30d0bdbc7b1c659da68c8f958011b1c1e71ec5f11be107c53f819e13f0adf6a9e28fda7b76a936dd48bf826eb54fecf12c41a3491263991a36411b344e0ba9036c38cbfb07fc1bfde0ed1be097ed03e30b59adac15b4fb1d4f468eeeeae0c29a9450ea10c3ba2760d8dcabe60554e403d8123f57b50f8b7a2f872c2eb4fb4874bd4b4dbeb778e74fb4a797b5971e536d8846599581d8dd9be61835f3f53170af36de96d1ad3a1ed4b092c328c1bbf32bf5ea7e21e83e07f1d7c6bd77c4117857fb4a68b49b14fb4cde2df87f1c76f7d9883f9e6668216b4791942181f763333a4b26576f07358fc42d47c55e2cd066d37e08693e22d2d0d83d82dc5de9775af148964658632ca264c4b0b33481227e18332ab327ed878eb45f0ef8a65f0f5c46d0dbd9dbccf225ada6a461804cdb238d65b6b678a2973f7544a8d83f77966cdd87e0e7867c5ba9c2ab716d2cd1b06313ea32c723707ee1b95d809ce090c49ec78ae793a49fb8bf2172ad9a3f037c47fb38789352f12d9d85c783fc1eb637821df7b63ab0b7b5d25666211a69de57801c06210cb920ae30ceaa57c53fb3878574b816c52fb445d5b598d92d84f2d9a5cafc81b6bc636b0668990b0dd1c990773054253f703e2b7ec63e1dd3f4a935fb8d4358d0ed34d8dad9a596f1e6f3a190c7fe8cd129911c16518545e32c540dce5bc5e5fd873c03e2eb46fec3d52c7538e4567c492ddc73ce3e60c42499c28c9ce5540ec48ea4aa72af8741c69c7a23e49b5d27ec124763a7ea17961e6463cf6f3d5a3cede148da41072bc03c0c038231562d7c05aa587872c622fa4dc69967118a2b44b6589214719922289b50a9f9b3dbe6238cb664d77e206a1e1210c3268ba1c26c5fcbdcd6f1cb24b9da76b9c6030ea30ea46e66395000a3aefc638c5df9979e1db58da193ccfb2966b6bdc0c90e4296dc06416241ce41ddce4fc4c729c5c55e124be6ff00c888e165177bfdd7427857e0a69fa57c58d37c4f7536b1a7dc69d7dfda4d3d97924cd7018b24c376d50c1c6e202babaef5083ad7d5bf01be355ae8df0c62bff1f6a10ea770b109ae750751656bc9d91b948f0b1ab7ca5947cb92d8201f97e57bdf8876da8c763716d7136a8fad00ceaae3cc585b9f31913ee80ac41271c72a304b56d5d4b32deafd952dd636904ee6452d1ccfe60dbbd1b2481b41248249c70323061738c5519a557de4affd5c88d64df2b5b1f6a7c3df8a3e11f8e5e338dbc35e36ff0089dadb1bfb186e15ec9a1b788ed187719007dc50c53395601806c7530c5e26bbd77fe120d345e5c5d431aa89d2f5ae2e576ed2723e691a362885909da48cf0a30bf0edaf8eeeb4d8da4b39e0858bc6b23456a9c0cb83e68dac0f97970005c0121da32c0d767a47c5af187c1ed2277b9f1e5bea5a06b53c31c50d84324175a1b2ee6fdec9246629cbee03e658ca88db60638cfd060738a759bfb3f3348c554f80fb8b5df106b9abdf58c9a678974fd36daf6d23926171a7c36f22dcfcdbd4ed84ca41d858952c3923815f967ff07167c45f1178afc23f09f4dd62fbccd396e35902ed2d45b4514aa2c150642a93952f8f439e95f697c1ff00da36d7e2f1d3a2f136a9fd9fa3e9164eb3dcdeba5b21992670cf9c326f9d4e23123a00c7032cca0fc1bff073ff00c42b0f14786be10dbf86eeaf35af0c69f3ea8925fc9061527920b2290f9849320611dcb0e02829200a36927d5a3888d4929aefb7a19eda6dd0fcb28f58b7d0ee0d8dcde5ae22fddf990c8b345b3b7f1638e3f8b8f5aeab5af1536b7e0e9375b2dfcf6c12da39ff007bf386611a1640c636524aae4104e39c9af128b55fb3ea5e5a34b1acdd30e4018ebc67d2bb8d375dba1a7db8b2b89e4b88e74922134eccabb58328c92718e87039fc057aff005cb27a1cf0c3f33bb3f66bfe0893a4daf827e1778f3c65aa5b7da65d2ec8691a0dbb160b732a6d967d81796656fb2600cf571c115f737c36bed0aef4b55d456fed67621222596e3edac15c90b18243ef70abc92c4485f80b8afcc9b4f165e780ff0066ef85be135d6267d0d6c3edcf676fb618659ee505c4b34a0132492f9b23ab34ac4050aaaaa179fa73fe0981e35d27c0f77aaeb5e24d52cec7c0f0cd6f1c8dac5e795676d7f248c2021e460139193c85550c58a86635c382cae9d787b5854d35e9a6f67beafd742b1b9a4e75ddd792f9688f70f8a5e24d07c25e31577d51a3b2b769274b68629e7b888955504f97fead402e368241dcbe854f6de05f8f1a5f8d34bfb0d9dc43af5d5aa06fb35cabc33aa96385d8e43e31c960a471f7940af8dffe16b6bb7d63a8dd6bdb6e35c792596612a44af962c76b14e015cb0c8e8a839f5dcfd9f749b8f883f144b47ae3687268709d52d6f7ec6660971bc2c48f923e46da4b1ca9c0c0391b876d3c0e0678675eee29aba7bbf9af5d0e58e2ab7324b56cfaabe247c3787e38e9b636375e2bf19782eced6fbed00f8735a88b5c7ee668fcb9526b7b98da3066dfb597978d4e72bcf9b7c2ff00f826a786f40f8bba1f8cb54f897e39d6ae7c23746e2de15d2ac63b29c3298f6dc881c2f31b6c650919e09000ce7d2b509478c7c1d61af69fa934c7565dd368ce013a6dd2e567843aab16649f780a9b5b6ec3820826b278c6d7c40f3359e8b6b75756b6c5eef53b5beba11d9a8e0bee25a3039030fb493c0e4807c797b4a73fabbd5edea7af4ea45c39efa7e47fffd9),
(2, 1, 0xffd8ffe000104a46494600010101007800780000ffe100224578696600004d4d002a00000008000101120003000000010001000000000000ffdb0043000201010201010202020202020202030503030303030604040305070607070706070708090b0908080a0807070a0d0a0a0b0c0c0c0c07090e0f0d0c0e0b0c0c0cffdb004301020202030303060303060c0807080c0c0c0c0c0c0c0c0c0c0c0c0c0c0c0c0c0c0c0c0c0c0c0c0c0c0c0c0c0c0c0c0c0c0c0c0c0c0c0c0c0c0c0c0c0c0c0c0c0cffc00011080080008003012200021101031101ffc4001f0000010501010101010100000000000000000102030405060708090a0bffc400b5100002010303020403050504040000017d01020300041105122131410613516107227114328191a1082342b1c11552d1f02433627282090a161718191a25262728292a3435363738393a434445464748494a535455565758595a636465666768696a737475767778797a838485868788898a92939495969798999aa2a3a4a5a6a7a8a9aab2b3b4b5b6b7b8b9bac2c3c4c5c6c7c8c9cad2d3d4d5d6d7d8d9dae1e2e3e4e5e6e7e8e9eaf1f2f3f4f5f6f7f8f9faffc4001f0100030101010101010101010000000000000102030405060708090a0bffc400b51100020102040403040705040400010277000102031104052131061241510761711322328108144291a1b1c109233352f0156272d10a162434e125f11718191a262728292a35363738393a434445464748494a535455565758595a636465666768696a737475767778797a82838485868788898a92939495969798999aa2a3a4a5a6a7a8a9aab2b3b4b5b6b7b8b9bac2c3c4c5c6c7c8c9cad2d3d4d5d6d7d8d9dae2e3e4e5e6e7e8e9eaf2f3f4f5f6f7f8f9faffda000c03010002110311003f00fd7ab8861b693e66515f3a78b3e18eef885a95c47e601717324b85270773139fc734bfb53fed3dff000ab5a63bf6f979ef5eafe09d393c63e09f0ceb5b41fed6d22cefb3d73e6c0927fecd401c4787fe191942e6361f526bb1d2be15c6401e5e73ed5dde87e16e176a8eb8ae9f4df0eaac78da3eb8a00f3cd37e18c7f2858178f45ab5ae68da4f80f469754d62f34fd26c2d46e92e6f2758628f1dcb3103f5ae13fe0a3dfb77e89ff04f3f80d77e229ad2db57f11dc46c34ad3a694c70bbe42abca47cc577901634f9dc86c6c449658bf02fe3affc149be20fed21e27d53c4bf11bc45a9eb17171ba3d2f468e7365a6e9a59b70c431e32aaa401ce7a64b1dc6803f79fe2f7fc16a7e09fc2bb3960d3755bdf175f5aa9565d361d96e59472be749b54fd5030f4cd7cc3e22ff838ff00c9f1bcd25af837668f1a189606d5a363921887245b96c9c47b4f2ab97cabe576fe33fc46fda56e7c4d708d6b716aaa8a8be55aa3c6a19401d58b124e338e073f9735a378d2fbc43aa2c6dba666fe191d55077c8dfc2f6e98e9401fbeff000a3fe0e1ef87bac5a793e2ad03c616f70cca567b58ec648141ebf319e3623ae018c30c757cf1e99a67fc15c3e10fc7f8b51f0ce897d7935c6afa75cc11a5c426091898d86d0ac30c7a9c2b1e013d8d7e09dacda6f87b4dd3ee2ef55b8bd16aead7d6f04496eab92008d1f696238237b14c923031c565df7c5cb6d30dadc5848ba3dd4262b80c9210a84364053dcf1d79ebea06003eb6fb0b5a6d4919b729d8727a9ee2beb6ff00824ff8fa0f04f8b3c636b7532431dcdadab2ef3804ab4a38ff00be857c5ff06be3058fc48be05a333b4623bbb984a1467c604a01038049ea00183ed93d7699e29d53c0b7b71268ec127c6df99baa0391923f0a00fdbef077c6dd034cb48c4daa58c6bb4673285aea21f8f5e12788b37887468d4752f7b1a81f8922bf167f647f03ebdfb7efc79ff841f58f136a1a2d8c76ad732b5948cae707a57dcbe1aff82007c2ab1656d5b5af15eb1229ce65bd2b9f5f5a00fb1747f16687f123566b8d1f56d2f568ecd04533d95d4770b0b1cb056284e0e0e7079c57451d9244a0715e57fb307ec91e0ffd8f34fbed0fc1b6f756f67ab48b7b71e7cc65679157cb0727fd902bd7a31c7e3401f8f7ff00054bd3ae3c9bcf2d99786e95f5f7857f684f05fece9fb2afc25baf19eb96ba34575e10d1d23698ff00ac616106715f0efedd9f1bac3c756970d14aafb813c1ae8ffe0b1de166d53fe09b9f06f50b793cb9ecfc3ba4b44e3d4e9d0e2803ead3ff00056af819a527eefc4d25e7fd70b666ac9bdff82dcfc1fd3db6dadbf88af994e06cb758c1fc588afc0bd13c05f13b55d19668f50d8ac9bc0000eb5617e027c4bd48ab4f7da87cdc8093851fad007bc7fc1c1dff000510d37f6c5f8f5e12b7f0edb6a7a569de19d14432db4f32b7da2e5e595d6560bc2948e4c2e4e7f7afd0139fcf4bd9d574e6fe0dad8393c938c93f8915a9f1874bd47c13e3ad434cd495bfb56198b5cbcee6466e4ec3bbdd7041f46535c97dada68cc7bb7331e839c50068786ecaf2f9a46b78da42a0038c679ad6fb75c412aa88e4899786c0c30febe9cd7d19fb1e7c02d327f87edaaeb1f61b7b79f696b8bb748d46e19c296239031d0e7fa749e2efd98b43f105f5c49a1eb9a54ca9f298e3955d7af243678fa1c93eb401f2bb7896f9f4a5b15925fb3ab876ec3ebfe7fc28bbf12b5fdcabb2b6f53cb37dd3d80c11dbd057bd2fecc570b7f1c0f0a4921c9c4641e33fe78fd2a5f8dffb2f5bfc2bf82fa86b12aaadd43187ddfddce0803b1ebeb40143f660f8bb6bf0dfc430ea914d231b580c2d1b329880392768c020e31c1cf5fcbee6f85fa5e9fe38d7e3921996e2c6f6d5e688a374fba403f9918f6afcb3f865a749adeab0c6b711dbc72ab3cb230c88e2504b3edcf3b40271ea2bf4e7fe09c7e1eb883c61e19d375662b75a842ef340004103344a7663d46de7fdac9a00f75ff8249e9ade08ff008289adbb6556eaca78c67d739fe95fb40872b5f933f003c336bf0dff00e0a73e115859a38ef84c8017ee509e9f857eb32fdd1d7e9401977d204f13db8ffa619ffc78d690976f75fcebc4ff0069af8ff6bf077e2268f6f71288daf34f32804f5c48c2b81befdb9f4f8fa5c2fe7401f84be2cf88f7baf695fbc919b702064d7db1ff000503fdae7e1e7c6eff008261fc35d1f45d6bcfd6b49b2d2b499edde26464b9b7b389265e7b028dcf715f9fde7f99a32ff9cd68cf2bea5fb335c4df295b1f1485071d035b01fce803d0fc0eb67a87c39b76b79d64616c51caf5522b8bfda73e23dbfc0ff86769ab6dd52e1ae1a38b7c720c44c7924eec8c1008c639cf6eb5cd785bc733f806d6deeadc79b0dc4044d091c32eedb91ee335d17c66d7acfc75f01b5cb17bcb7b7826d3983c9364a5bb290eace07380cabd39f4a00f8c3e2f78ceff00e2a78aff00b42e2c6cfed53451ab8b657f2dc2ae01c93c1c63a019c647bd4f83be06ff0084fbc6f158c96f70d0e18bfd99b0ca07190486e8707a720638ce6b5b41f83727c46f0b6b9a97863548a48f40976cf653c98754272922b292bc82cbd8131363a815eddff04b2f871636ff001ef50975f5692c74fb32ce8adb72de6280723d339e2802afc4df855e20d27445863d3d5f438d316d7225dcd31db9c6e395520fcb8d83a1e99e3ca7c27e0ad52d7c496d2c31dc0b8e1dded89ff446ce06644c2f18cfe3d462bf62be0efc33f00f8a21f1168f7f692797758903ec1b5d474915b190cbb8e70769dfc838e3941fb0bfc3d9bc72743d35756f125d4c82596d608e355b1b6e4b4b20518e8085079258605007c0ff0010be30f8afe1c7c35d375485758b56bd965b24bd92c248e1925849593cb9997ca902ed3f71db3d7a570d77f1f7c75f117e1aeb9a5ebdaf5b5e68ba959fccb7318411fce02480aa83c4814700e70473cd7ece7ed35fb1ef817e26fec42de0f8aca2d16d3488d6f616099363f6605848371cf116e5639c9567e72735f00fed3fff0004ddd27e077ec5be27f125d6b96f797f612594914a19842968d7b02381c1663f329e071e9d6803c43f613f83c93c7ac6b5ac5bab7d9e48ed2de169030276acc59803caed6848cf0727ae2bedcfd9575058ff0068cf0c0791879f7057283b9535f2a7ece3ae457565e24d4b4d99df4abb9ad2d2cd0c26dd47d9ece2899c4440da5b080e32094ce48c13ecdf017c513697f1bbc2b3c6ccb20d4a204838ea71fd6803ed6f8d3e2983f67efdb1be1ef8d35249d74dd3ae8b5c4b8e7cbc60ff00326becfb8ff82cbfc138d710eb17974e072b1dabf07ea457cc5fb537c029ff00687d0b4d8f6cacea7276f503eb5c6f807fe097f6fa3cb17996b3c923283f349401d77ed8dfb4b699fb6e7c45d1f58f04aea0b67a058b69f72664d9991a4320c7b6d22bcfa0f855af5cc23fd77eb5eebf08bf669b2f80ba55e5bcd0c69f6eb8170a3ae0050bfd2bd03464d2dcedd91fe5401f84d66a66d041fc6aef864b5efecc1e3aebff0012fd7ace619edbb294be18d39af743daaa5be51daadfc1eb0fed3f83ff0016f4f66ff532d94f827fbb72e0ff002a00e37c217b16aba2c704c7e685254507df9fe755fc61a5c1e27f0b4b62b218d754b711b9ea06411923be0e0e3daa869d6eda7c13796acce80bc6bddfae4576ff00053e06f89be2fdb6fb25b3b5b3d3ecee6f2e2e2f2529185b781ee2408002cec238db80300ed0ccb906803e33f03691e20f08fc7db7d2f4cba9b4fbd7be367706de4cacb106dceac390ca553386cf201ea01afbebf651f83f67a0ddf887555f322babd5f2240ef938cefc9c7ae57db8e82bc23e3b2c727c53f85faa69af1a6d1259dc329dcab3fda264937374dde4496bf772318e7a57b1c7f1a6dfe16788622ecc74dd48843e67f0b2fca33f50471ed401ea5a5fc45d43c03a92acb7be4dad9b1592e092db53a7f851e28f889e34f13fc28ff84e3e15ebd26897124db35353246b36ad0aef1b9cb82b852d8000dc03b76cd71fe2bd35fc61a05e5c69f74d25adc4244888339f5c81fe4d7867c50f821e11f0e69e352fecd986d5cc8a2e65894be72cdb508c13ce71f539a00f7bfd9dbfe0a01f1d3fe164d959eab79736f716bfba9eeee2c05c431c6c0fcee846c68f6f0c49230df857dd1ff04a5f819a57ed992f8dedfe22687a4f89fc0fa3c51a9d36e2d83e9d77732b968ff7672be5a2a390bd888ffbbc7e45fc28f86f67f12343d4e5d024f11699ab69d09369326a2648fe6f90c580a0aab6ec139ce0d7f451ff000493f803ff000cff00fb11f86e0ba85a2d4bc450aead705c10e636455833fef46a24f6f3483d2803f3effe0b37f017c1bfb36fc62f0ae8be05f0be87e0ff000f3e8998f4ed1ec92d2d6361236e2238c0504962490324924f35f277c32d7974ff0089de1d99be758752b76ce7afef16beedff008388ac7c8f88df0e6f00ff005da7dcc24faed7438afce7d135236fe20d3e587e568aea27438e321c1c9a00fddcf05c16faae950cab1b5baac4ad9c72dc0ae73e257ed0de21f86fe39d2ec749d153508eed76c73c84005f8c0c75f5e9e94cf85fe2078fc316725e5f2ccb25b4672927ddf9467a5727e2f8347f19fc4ef0dde4577756afa1de8988590ec9b1d987a73401d778ff00c7de2af196936b2f8aaca1d3f53862d82286231a05273c1fe2e7bd57f86da04fab4e0e5b935bdfb4e78f34cd6752d164b0bcb6ba8c59912189c3046de7838ef5cbf81be295af8776ef651b79eb401f9b3f0e7e03ff0066e9ca278f6f03a8a4fd9e3f62ef195de9df132f35ad3ae3c29a0f8b236b7d22e7508b64d7c52f0b2cb1db92246899092b290237c6158f38f57b7d6d3511e4c0b9ddc7159fe22f8f36fa04f1daea17176d3301651b08b7b3320d8ca01ceec00a06327b003b8079debdfb3df833e04f875353874993c48f6a584f7ba84c6448cfb45130451cf024c9f726b82b2fda374b93e37f86e1b5b4b1d3b45d51c690f0d9332470dadd1f2665091a905551ddce304923041c96f7df8c5ff04f2f8e1e1e957c69e07d065d42636827bad361bd81c6a51b0c34060326efb463ac386dc01c12df29fcff00fda77e0b78a3e18d8daf88af3c2daf787341d52ede1923bcb570da65c8ff005b6ec78c0c6e740d82402bced63401b1711ead73f06b5cd3afe1d2f49bff0005eb90de792ca91cb0a4e0dbdcf998dd39027b6b05c738dfef57be394ba678cbc3763a8597cb63ab5b24a1704f94f8e84740c3d3d722b0efbc47a3eb1f19bc410ffa44b0fc44d126bd895658e046bab8b74bf8e250bbf2a350892238233b4f4ae37c1baddf7897c01733476c61d26cee4c2044acd1abc81a451b989396db311cff000b607140137823e347883e0c5d7d984925cd9a90de5bb1f9467b1e841c631d47b5767a2fed717fe22beb8d36c7c3973ac0f2fed3e5d9d9493cd1c6b8dcd8405828ea4f0003c8af3cd5f4e9b588a18e18bed1229091950768f6fc7debea8ff82337edc57ffb097ed4f7fa869da769baa787fc49a426977b225b34b77337da11b75bc88372c60ae0853863b090df28500fa7bfe08c1fb2febdfb68fc483ae78a3e1f6a5e16f85fe1b8d64b9babcb192d57c4373b94a59c06400cb1e01695d3211405dc19d31fb417ff00bbba7555555c602a8c0031d00ec3dab82f811fb5ef85ff00686bfbcd3ece5bcb1f1269807db34bbf52b3c591c1527efa9ea3a1c75515dcea0f8bc39e72391401f97bff000717d8eef0bfc39d41792975750127dd41fe95f9629a8f97321383b581247b57eb4ffc1c45a779ff00b3df83afbfe7d75e64c9edba26ff000afc7e9351532b22eedd8e2803f62be0578e3435f859a4cde65cbb5c58c7bd49ff006474ac31f10fecff0014a6b5862c5bc96325c43bc64ee1db15eb5fb1743e01f17fece3e079a4f05b32c9a4c02697cf2773edc13f8d755fb407863e16fc2eb8f0dc90f855a0d53c472cb67697666f96dcedc9cfd6803e59f85be31bdf16685aaccb6f0c11c37a638fca18dc368273ef9355fc5fe2dbdd311be665af72f857fb381f87da47889ef2dcc70ea97a2eadf70e193cb0091ec48ae2be247c2b5d62574823ce7d0500798fc30f862d65a8ab4cbd0e7eb5e83f0fbf655bff0080df11ae3e26471dc7c58f0cc8af710688b6b1b5f68d3b4a647951d5819fcaf9951542ba9c00aecb9af01f077ed79637b2aa9954723bd7c85a9fedc3e28f80ff001dfc45ab6957dab68d236a7792472d9cad6eb3a1b99082594e1811c1c8238231401faf7e1ffda1ad3c65a4ea7e26f85facb6b0da3166d67c377f198f50b555cef4313618ede723686079c700d701f16b55d2fe37f84b50f16787a48ffe11ff00165b9b2d62d8b026cee704abb1f46232adfde5604e739f9bbe0cfed97f0f7f6dbd6e1d4b51d7a4f87bf16ecd1469fe2db1f2ede59360388eee252239631c61d42119190006907510fc43d5bf666f8c7a5ea7e245d2ff00b13c6739d13c570584bff12fbc791b30ea702ffcb3decac244c298e5588904be4807e5ff00c58d0357f86d3699e22d1fc8b1bdf016bd2e9ab2aba46e9b2637766e4e7712ce6ec023276c18ed593e0ed42cf44f1af8ab446d4963d3f52b717b65232b4aaa91e2e6199d8e085168f31246e3873819af7efda03e10597fc3547c57f06432fdb21d618ea3a3cb66cb2437d7498b884a32e73e642f34298cfcf7280e3923e75f885f103c2be0393c0dacdb58bcfa8e9b17d9b52b40cd29bc10dc31462fb562db25b491c18f98fee1895c11900c5f17f883c412f8fe3f02c5a7ded96bb35e9d36fa0381340ca712c639c0380d97ce36f39e491f7c7ecbdfb27f88bf648fda43c0f79e288208e6d634dd43ecf6b024bb61b548229721dd503b6f540766ec64e48c8cf937fc13a7f686f817f133e32f823c61f1a239b49f197827469fc2562eba4cf7d6be298f6470e953dc1810edb8b4b7335abb3050d12d895c344e4fd0fe1dff008289e8ff001c3f6b6f863f0efc37a2eb1ac783fe0ef81b53d3af7c65a9abc125d5d1b58164bd911f21606368b12ee21d9ee327182a403f4e7e0afed053eb56fa4ea5b5a25b551697590434d8caa824f5f976fe7d79afa5f40f881a578ede6feced42d6eee74d31c17d146e19ed257892508e3b1292230f50c2bf1e34aff82ac7c2df0669ba7e9f26bde7c90492493ad85acb75e5ede03175010e157385249ecbd2bd1ffe0959fb605a78ff00fe0a7ff15974dd7a3bef08f8e2d6c52cddd9a38e7bbb5d36c54320700ee3891318e4e71da803d73fe0e00d1ffb4ff62c8ae00ff8f0d76ddfa74072bfd6bf14d06c2beb9c0afde0ff0082d0f82f50f1efec37e28b3d36cae750bd8eeada68a0b789a495f6c809daabc9e3d2bf1560fd97be265ce593c0be2a6dbc8ff897c9cfe62803f493fe09b7ff00051cf01fc37f80be1bf0578ba38ed6f3cad96cfb8b34e17d38ea2bd7fe3e7c50f0cfed01e20d2e4336a5268ba2dd2dcd8dbc16e15a36c004b39ed5f2e7ec17ff0004b1f0efc71f84da37893c637de2cf0ef88b49bf933622248bc92ac4292082482306bee4f0efec91e1fd252de39755d56ee3b7c615822e71eb8140156fbe341f17785218dada4b38ecd3c8804b2067953fbc71f9573be16d46196ff336d619cd59f8e1e028742f17e9b6ba3adc7d95ad0b4818e406f30f4fc2aa681e06ba501b6b73401f87377abea5e1e9f7c7238dbcf06ba6b9b7d3fe267841754b1586eaf2d536dfd9a85dd28006e62a7ae09191839ce7d71cfc7af5b6bd6bf3152cc2bcbee3c47ae7c1ff0012dc6a1677d258c32cd2156f3c42ac198fae3f3e9d3eb400df1dfc39934971af786269ed66b5904b25bc6e4347820ef43db9ea3b67ad751e2afdac3c41fb457ecf577e06d4b56d406a5683ed71dbbb2bc3aa18bf79b082329302aa46d2048506e52c1185cb0f8d3e0fd7ed9af2fb5ed37c3fae3e15a08637ba82f1b80588855fca6c65b3f77818009e782f1c7c3af37528bc4be1a2cd0b36e94db9f33cb7183918c633d719ea31401775bf8951eadf0374069f4cfb74821fb1bdca4e63953ca70e131b5810cb2af5fee1eb5abe0dd7fe1bfc4ad16ce1d62d756d16e2d936c9987ed90cca3d70c1c7638db8fa75ae6351d373e1bf1069eb179083c8d62da011ed0aad9590283fc2acee0639fddfb1ae1bc357a6ceff0069ced620f1c67f2a00f4bd475fd37c23a87dab4382e24bcb34692de6961486de03fc0c91904b6073f301cf6ae4bc3fe27d5d3c3bae7dab53be963b883f791f9c442e59d012c830a7afa75fc0d7417fa635df85a692355067003331c951edf881585aadb7f67787a48f77cd348a1cf9601da327fa0ed4010f8535192df47bcbadbfbb86de5da08da1895200cfa727f9d7a57c06f8efac7c3af075dea56fbad752d3afed2e34d9a3768e49255ba8a70720e467cac7183b4835e4efa818bc1378b1aee92e255450d8f970437a76da2a9f853577fedf8ef35069350bede19a46c7ca73d8773ee7bf3d6803fac6fd9d3e28ddfc73fd987c03e30d52185752f147876c753bb445fdd99e4851a42a3fba5b247b115bf322246dfbb8d78eca2bc4bfe09eff001dbc2fe38fd917e1b687a6dd4767aa787fc3561a4cfa6dcb08ee55e0b744dfb339c48177a8386dadd057b5cd3ef007e04500782fc6db4f1b69776b3785f57b7d3e199c99434418e6bcda487e2b5ee44fe3668d58ff00cb2880c7e39afab353f075a6b31324c5f6b1cd66a7c26d240cb2c8df53401e27f0b67d4bc2763743c4dad4fae5dcd2878a59c7faa4c00547b6726bad3f146cadf8529fa554f8f7f0f92d35bd3974f4658cdb317c773bcd70a9e03bc63d1bf3a00fe7fec7c76da4cf8f33f5af37f1469525f6b37b78b1799f689e494b01dcb13c9a8753d4a466ea6b4f45bf12471a4ab85751f31fcff0ef401cb2e92f306655c48bced07a0fad6e7853c6bad7841dd61bab9860906c74573875f4383d2b7f50f0a2cecb35aaab6e383cf5cf7ef4fd17e1aea3abdfac16b63777934ad85482dda5763d800a09cfd3a5006c7c30b187c4de2e692ce6fdf6a503da5cdb5c4dbb8652a2447739f97702431fe1073c62b9fd174911ea9b645c6d700a91f77db15ea1e0ff00d96fc5f67a9db4971a5c5e1f1b979d62e22b177cfa45332c8e31fdc4638ed5c87ed09a5f89be00fc66bad217c6371a97996f15fc53d9cf72a9124a0b2c6de7c51b92b8c6769046082724000eaf5392c745f0759dc6ad7d0e976f7d2158c112334e100276a2a92704e0f400919c5799fc43f88d665638747135c47b0979ef2df66d39e0c681d80f97bb67e9c553f14f89b51f155b59cbaa6a5a86a52aeed8d7572f37979c642ee271f415ca6a6c1e5ebcb74f6e98a00593c4377730c31dc5d4cf0862e119f11a1c63214703f002bb2f879e3e93e1cd8c577a4dac736b4d2091eee63b534f8c1f9423646246ea587cca3685c12c6bcfee34d9aefc85b78a590292cc101240e00e95f747fc13e7fe08b9f13bf6aa367ac78b225f855f0ff7076d4b5ab52fa86a0a79c59e9e4ac92330e449318a2c721dc8da40389f83bff0526f1a7c336b25d39564bb82556074b89d15d95b2bc26016049e47ff005ebf703fe097dff0511befdb93e1d5dc5e28f0bdff0083fc6da0a235cdbdc40f043aac0703ed5086008c3150ebc852ca41c36d5d3fd9a3fe095ffb3afc2ef8771f8634ff008436be2082400dc788f5cd5a65d6af1b182fe74263110393fbb816341dc13927b7f82bff000484f857fb3efed0767f10be1debde3bf0bdd35bcfa7dee8b7b7a756d26f639570103cabe7a159046c0f98e3e4036f7a00f5a798237defad27db033773f414ff001368179e13d5a4b3be84c3328c8eeb22f62a7b83ff00ebc722b3924d8dec7b628022f106871eb5342ecbbbcb4da3f3cd538fc170ff00717f2ad9b59f86fad4c25cff00fae803ffd9);
INSERT INTO `profile_pictures` (`user_id`, `picture_no`, `image`) VALUES
(3, 1, 0xffd8ffe000104a46494600010101007800780000ffe100224578696600004d4d002a00000008000101120003000000010001000000000000ffed008450686f746f73686f7020332e30003842494d04040000000000671c0228006246424d443031303030616136303330303030303331613030303030393336303030303434336130303030333033663030303064343531303030306462376630303030633438343030303031663862303030303437393230303030376165313030303000ffe2021c4943435f50524f46494c450001010000020c6c636d73021000006d6e74725247422058595a2007dc00010019000300290039616373704150504c0000000000000000000000000000000000000000000000000000f6d6000100000000d32d6c636d7300000000000000000000000000000000000000000000000000000000000000000000000000000000000000000000000a64657363000000fc0000005e637072740000015c0000000b777470740000016800000014626b70740000017c000000147258595a00000190000000146758595a000001a4000000146258595a000001b80000001472545243000001cc0000004067545243000001cc0000004062545243000001cc0000004064657363000000000000000363320000000000000000000000000000000000000000000000000000000000000000000000000000000000000000000000000000000000000000000000000000000000000000000000000000000000000000000074657874000000004642000058595a20000000000000f6d6000100000000d32d58595a20000000000000031600000333000002a458595a200000000000006fa2000038f50000039058595a2000000000000062990000b785000018da58595a2000000000000024a000000f840000b6cf63757276000000000000001a000000cb01c903630592086b0bf6103f15511b3421f1299032183b92460551775ded6b707a0589b19a7cac69bf7dd3c3e930ffffffdb0043000201010201010202020202020202030503030303030604040305070607070706070708090b0908080a0807070a0d0a0a0b0c0c0c0c07090e0f0d0c0e0b0c0c0cffdb004301020202030303060303060c0807080c0c0c0c0c0c0c0c0c0c0c0c0c0c0c0c0c0c0c0c0c0c0c0c0c0c0c0c0c0c0c0c0c0c0c0c0c0c0c0c0c0c0c0c0c0c0c0c0c0cffc00011080080008003012200021101031101ffc4001f0000010501010101010100000000000000000102030405060708090a0bffc400b5100002010303020403050504040000017d01020300041105122131410613516107227114328191a1082342b1c11552d1f02433627282090a161718191a25262728292a3435363738393a434445464748494a535455565758595a636465666768696a737475767778797a838485868788898a92939495969798999aa2a3a4a5a6a7a8a9aab2b3b4b5b6b7b8b9bac2c3c4c5c6c7c8c9cad2d3d4d5d6d7d8d9dae1e2e3e4e5e6e7e8e9eaf1f2f3f4f5f6f7f8f9faffc4001f0100030101010101010101010000000000000102030405060708090a0bffc400b51100020102040403040705040400010277000102031104052131061241510761711322328108144291a1b1c109233352f0156272d10a162434e125f11718191a262728292a35363738393a434445464748494a535455565758595a636465666768696a737475767778797a82838485868788898a92939495969798999aa2a3a4a5a6a7a8a9aab2b3b4b5b6b7b8b9bac2c3c4c5c6c7c8c9cad2d3d4d5d6d7d8d9dae2e3e4e5e6e7e8e9eaf2f3f4f5f6f7f8f9faffda000c03010002110311003f00fadfe217c63f04dff837c59e03d43c4da75ade49a7dde996b7334e163bf8248648e1904a7e4320e637e4132c6d8186407d37c21fb4c2f8e3e14e985bc75343797b6d65aadb5cc9792bac372a23b85dca5b2537a80e991b90bae79af03f136adfb3dfc15f8836be24b9f83d6ef79be685ecaefc417971677caebb5f16ed6e4232f0c0b20da40042b1057c413fe0a0371e1bf0158e9be18d1ee752b5b3b34b3b030a4b2c56a23fdd46a3f77fbcdaaa139dbc8390318afcc6a56a586f779ef7ed7febd0fba8606ae25735283dfaf2dbcedfa9f60f877e28ddfedb9f1f2df4ad1be2f41e0dbe8bc373cb133f93aa2a4a2f23f322b777758a4568c5b39740e1940c856dc17e19ff0082997fc131efbf65f3ad78c3e187c46f0cdd6a1a4da8bef1be9d65a85be9b6276ccd2472c90b14b58a476d9e5586e792431c8f02e50ad73babfed1ff0018be2c7c61d3747b8b7f057856f34d9ee7494b3d5f4a8dc59c812679925b6984e4c8be5c9f7d010fd71926bae1e14d07e0ef84ac354f8b1e2cd53c7d79a5de37fc23da05869d6169a4e8c6e1263f6e8b4c0a8ad8f2a48bed001110748e3087691d1f5da32a2e5515df76ff004dbc8cd616b53ab1a51f2d12fd77b7ccf1dfd92ff6d5f1578a7e1f3693a1eb1e3cf1c78b16ce38a6d16e7c3b378826d39210231736f2c26144818c8809b863b59514e47cd275bf0efc633786be3dea5e1fb9f0afc5ad425f1545621b50d5fc3ba758c5a5cd125d873702cef6e12389bcb608ecc198c520d8368ae97c0bf0b3c3de366f067c64f002a783fc6f06a52599bab44f3e2bdb67be96dde0d5f4f5605985beeccb0bef62819f1b55d6d7ed6fe13d2ecbe207836fbc0df1e349d1fc51e299af2c6f449aec37535fccb3da9b5b79ada0478a23e64d71f2186353bd86338c70c9d34ed149dfcff2b1e845ca778edf2eddce23f6b859be11fc0ef1378c2d74087589b4916e89684947b8696e228782aacd85f37710073b7af391f03f8cbf6aad3fc5969e5dc68579a4cdc93196dea1bd39009afd4df01fece5a978cff66bf13789be227c44f13378af41d5e1fb3e85a547a62e87790c17306e5b947b55b9f316659c168a40a5624c1c6457c53ff051ef007867e1ff00c26bad6059dbc7acea530d3ace30bcb3b8625b239c222b373c6401deba305cb2718cd5db7a34de8bfad4e3c645db9a0ed65afaf91f22fc0df1b4761e30921d45cf937d279aa59b089331efec7a7b10bdb35f63feccdf143fe15f78f34cbbf2e1ba16732cab1ce5bc91820fcc1594b74ee71eddebf3e6d00fb77de50150602e71f8e79fcf93c57b27c3af897716f736eaf248caab9db9f973b7afeb5e96698577e7876d4e1c2621c1599f45fed6bfb421f1aead712359e90aba846246861b6fdce482a7e56241e41c641c57cb77f29956675dcb1c2002ccdb523eb8058f033838c9c9c1c66b53e27788f50d6bc3f6932ee4556319dbf798360afbe386e7dc55dfd99fe0b6a9f19b53b7f0ce9ac5752d72e279c4649f9a3b7b496761d00dc55580cb6ddc54314e48e58d154b0eeb54764b7f4ebf81d146a3c4575495db7fd2386b9f14aeb92269ba7dbdd6b17d7076c715b46ff37b0006f7efd02e3debb0f047ec7fe22f114624d6ae6dfc336331cb46c7cd988edfbb52067fdf60c3d2beb6f03fec4171f036ee4fb72b69771747c8986a12da6932483cc007ef5e697838c81b79c8185390306eacbc257be23f12786fc55e31b5f0adb59a451ea52cc19ae6c51a42b3c1147e534973234618294518dcaf8da463a7079c605d373a32ba4aeec9bd7a2565bbd958331cab3084e3171493d3757f9abf4f33e47d73e0869367acc7a7a5d4909927787ed97726c54009c16006074e9ea719afa1fc0d79e13f869f0dee524f06ea5e38b3d120883dadc34b61a6c826924c33c8a5a5da64121c3655c823900812fc70fda37e04f8be5b833fc3c82e2e9e310477726bda947388d708848f34ee708a003221e000738e3e84f80da7fc15d2ff00e09ff67ff099e8ff001c66d17c71a25d5ddeeade15d26cafad744b6b5bebb899de4697fd1959c483370a7ccf28e32558d658dc4cf12a1cbce93b6966bcdeab5d15f668e7c3615e1f9a555424f5d5bbdbb69b6fd5a6437be308edfc32f6375a0780a1d07c3f7b6ba5cf7363196d525943466df32954f2a5dc23dcee18166dad8cb11e7fac7ec6b0c7e0a4d4344ba9da3b7b6d46e2e2f2d754c8b06825c2b92640b246b873f265c843dfafd55e27fd952d7e12f85b4bff008493c2563e4f882ca7934fbd7748d351963da6e52249640b0c9e610332bf394c9c1566e67c2df04fc3f7375a6e8f6363a3f876e9a17be8aff53bad2e1b3b648ae56057003cb0cb2cc9230933b4ed8ddd7c93b31f9fd3ce3194a57a5094657d538be59269b4f56f6def157b592becfe8f1583a75a6e3889f3422bdd6a5cad35d1e9aaef77beba6e7c65e18f01783dbe27b2ea7f132eb588ece59df51d5b4bd556279b743e6a4b0cafbfabb8472e482cb273918ac8d02e7fe13bbff0dc9aa7c42d4b5e8ee2d1209e6b8f159b75d350c6c61b7db24865528df2ed01906efe1c1c7d8a9fb15f83fc137d7ba48bfd324d1bc49632dadf168e3827b096489252c42c83f76dbe664ca830931a7cdc91e93aefec70fe2cf03dc7891bc233ea1a5eab752c316a515f98ed9ee8c7e5231120685646b336ee090558bb290c6324faf5b37a97a928734a2a0aedae5b6fef5acacdbbdda7d169aa3830d93f3538d4949464a4f4e65e6d2beed592b2b5fa5ee8fce9f83f15e782efedf55f0a7c4df1247e24b8d6ec74dbcbcd1b5c9f49bd89e79162e006dd2bc331122ccac4060870304d7277df0a67d43e206b9a46afe3ebabed47ed375a5695a70d68bea83517b91042972b2298fcb66e64647f980041e40afd34d6ff00e09f7aa78e7c21aa6b9a1f87efe1d4aded6e25b6d61e48a48f4bb8304b6505dcf2c5fbaf9d22f9a31be2560c0c7b9735c3fc5dff008268f877c11e2593c15af787acfc22d6b78f2df7876eef92c6df5f82db4b50b771aab01e60bab8b73ba2382a486560182c6178894a32a92e6e5e8dc57e0f677b3b2495de8ecb53b2b65b1a2e316d5dbef6f93d6fd7aeda357bd8fcc4d7f45d63c31afda5fddf89b4dd26fac0d8cb66b25ff9b7902ee01660b18711b46c9e6ba332b0dd950d9c997e2a7c75f1178fb43bbd33c4de33bef16359ea0af63248ced16c549034a9bd5480fbd40c8070a7a0ebf407c6efd8bbe1dea3e0bd4ed7c3fe26d0741f88fe17d39750d4bc366fc96954402eae8c7092ec162896e24db193844566c348235e6752fd837c4bf03fc2725bf882d74593515967be75558b53b59aca085246b88a68ce1a3659230bcafcc594956e2beca8e658774fda49b5676b38f2f67a6fa35add377b9e7d4caead4c44a8d16a4adab4eff9dbd363e56b6be8e3b991bccda49e85bad7a97c339eddf4a8e64f29a665600898ef006320fa755c11fcc62b90f10fc3791342b7d405af91f688bcd3c1d8c72db82f6c0e075e30462b97b789f4b3132b334b2fceaa3ef4783c7e7cd7b36a55e3eeb3c4ad87ab4b49a3d4b5fb837fa24f0b23e53cb70e58618e7a633c9c1e9d303279c0af57f86bf0fb53f12785bc3faf68be17b1d5744d07c396f3dc5beab7f0c82099e7d4217b92f23c2bcdc5bcf2460ab0890c7192ce8b29f08f041d4354b5bab6ba59366d4dad292bc16c6093db730fbdc64f3db1ec1f0b3fe124d73e0bc9a7e9b6bac343a97f6769e8d1afcb3219f549b00fa97f3187390cb9ec2bcccca2e9e1a4935badf6d5a4fb74f33a72776c5c5dfbfe41e33f8dff0012bc6314d1addc1a2d9dc5d18a49a3b80a2ee7672cc4795b9e46dc5998a96c1de5b90d8dcf835fb14eb9f167588619b507ba69aee2b4999275b48639266db1e2529207c93cee118191f31ae3a4d3ef2c7595fb46957d75b608bcab5b6b6694476cf1ac9146447bb62b2189f6606fdf96cfca2ab587c7ff0012e8f7cd1e8fa73dacd0a4c2317364a8aad220566db2a93bd9555436de38236f5af2e8d1a8a3cb864a2b76d24aff0036eff33e8b1b8a55a57af2727b2bb6ede892b15f56f81d37887e216b5a3f84f4b17771636da8eac116e3cf68ecad2d65bd94ef6c6f31dbc4c7800b15c0192057ddba8fed47e11f047fc11c7c17f0c61bcb5b9f11788bc1dacc091db5c2c9f639a5d66e3624e23cb2b3c4cae37285da14eec119fce696ff00c48de247b3b3b95b7d465924b6ff004589de46272aeb93c90790463919e2adfed43f0f26f833e3dbad262d7350d52c998ac33cb32234b8504ee8e33b573b94807a839f503e823ed65560b995f5b2d5e96b3fcd753e3651a3cb252bbefb2d9dfadff23f793f6e7f177c68fdb0bc67e13d775cf86f73a2f85f4dd320834cd44df5adae9da9b5c2c72bde23dc4e046ae1e3fdd33b322c2d96255c8f30f107c0bd67e1dea08b25d68ad79e58736f6dae5add15240655cc6cd96209c6338d8f9c60d7d95f1a7e0dfc48f1bfecb3f0cfe1b68f0dd78d75bd0f53926bf934d68ad124b6459bca2c6478d1557ce89371dbebb4f7f90fe3e7c08f19fc05d466d0fc516e347f15de58453dbe278ae210de63ba42648d99235536f1cbb4b9c6f832aea195bcf964f8ac4d35386f6d7d7af53bd67587c34bd9bb72a6eda7ddb987af6bb6fe188dd75082fec9ad49599c5d466289c7f0f09bbd871cd7d9bfb037873e227c0ed0f58f152c31f8bbc1769756d3be87e1f9e5d4b57875278e2db2c51fd9d10c4d6774fbd839dd88f0300b57e63fc46f186adafe8777aa32cb6f6b78970f2473ddaba582f980aaa852a43148b24b12191dba31635fa03ff06f47c6cd59fe2bfc40f03ead1cd142be1dd3af2d55c811a7d91cdb36c4070a49980623258a6e2c4b574613248d083755b8cba3beda76ea70e2b88a35e6a14f95c7aab6fb75dfee3d0be32ebba6f8d34cd41bc57f12f5cf813ff0965ddce9eda06b5e0dfb65fdfc0f2cd38bb2012f041e65edca79c4226fde37e40c7847fc16dbc67a5f87bf69ff0083be368f56b4d734ebed1e5486f6c248a483574bbf2e291e36f336ecff0044898ed2c3120ec1997ecfff0082a47891f425f0c5d5bf847c51e2db89b4cd634d8068fe1d1adad84937d8596596238c2e22603e61b8e410cbb94fe787fc16906a37bfb3e7ecb5ac6a161a869f7d676fa3d9dcdaea16ef15ddb4a9677514a92c6df75848f19c1e47f101c57ceba2a38aab461b7bbef6bef69adf5b27ab5eea5fe5eefb4e7c352c4b5d65a69a6ba6c94ba2f89becb43f29ac3e20e9fe10fdba3c5fe33d5b52d42d74f935fbb093c1607ed52d9bdcb46ea90cc02090db7023976a73b5881f29f7cf8f9aae93e22f14f8d23bbd2756d36dbc0a9ff08869965aaeb7f6e8ee09b6b679edd6e41451e5ae2448948d8abb58300c24f967f6a911d87c5ff185bc312f96dac5cba8cb9645919981f98f070467b738ac5f8f5fb517883e2cf8e7c55259ea9a969fe1cd73524d425b0698986eae23821804f3a60890958036c6dc1492003c93eee232d58b51a89b4eda6aecb6e9b3d2fe7ae8ce5caf379612a3d1357775df7ebea67ebfa9c20dae83a5dc7dba59a6746f29cc912eefbc13be171d7b9dc734fb9f88da6d8f85a2b2d0f5ed52e21ba436f7ba5dc5e5c430a188aba9f28398658ccd2cef1606e520b305639af63fdbf3c2de0dfd9cbc43a8695e137f0d36adab210cba3aab2c714873e6e54911230236203ce410085cd7c877d02d922aa9f997ae7e9ffeaad72651c55155b95c53dafbbeedf95f6f43a3882f4aafb1e64dadedb2ecbeedcfaabf60dfd847e267edf3af78874bf8796fa0bb78745b3ea726a5a9a58f90d389bc9c3ed676ff008f794e155b681c82581afa27f692fd997c4bfb1568df0efe1df8d2d7c330f88b437fed39eff42d527be8751496f3cc432196184a347f68750abb9402ec082ed9e97fe0d56f88b0e97f17fe32692f26ed4351d134cbe8a2032f2c76f73346edf456ba8813eae3d6ba4ff82eecfae789ff006b4d366be925f0dd943a447636d6d716e2e24d4435c84fb466277558dcf921124d8ebb98b28ce0639c4a6f9f0cac93b6bf73ff0081a1e6e42ad8b8547adafa7c9af99f07b47aa788752d42ced6de6bcfecfb72d32239c2405404dc09fe00a07cdd3671db31dd782f5af006bb043ad5be931fdb945e08acaf1266b65fde031b84242fde18e7aafa838e87c21e33d37c08164d475cd5b57d39aede39ece389e3fb51961648d4c99de14124e4281c63233c656a1fb5a58dd7860e951e8b63e28f115c5bc7a4cda94f118ee0c11b3f95942843480ca177eedcc238fa9524f0c69d57171a30e65a5f46be77764adbbf92573e86aca9aa9cd52567daebeeb6ff00d3b9c2f877c3edf113c79ab43fe91e5c324f24a2070acfba52bb771ce010c49383c023bd7a268ba57843c33e05f10783fec1a77fc241742391e2950bced6c5a2c857000caec2c141072fb882550a791dd7c437f09dedebdad9c565a819a50fbd0b37321628595c7dde9d39da3eb5a3a06b7ac7883c7971a2d8cf676b05992659e484ed5c0dcedf29cf2fb88efebce6bd0c5616b54d5cb962926acedaa6b576dfd37f3d0f1b072a50568ae693767a77e9be9f91fd2ef8a7f6c2d2fe01785eefc5525fb0d3f4508b733ed96458d65616eca15239096fde0c7ca4671d3ad783f84ffe0afde15fda2b59d4748f1b43a1f9375a1583bda011c36334b01952756339d9e618db72818c84f941600578bfed4df1a6ddff00678f107877ecbab5c5aea5a54cb2de5a8867fb2347b6557911a5476dcc981b03630738c00df9410fed4fade9a619ac3ccb195502ee8ae367af1f2aaf1cf4fad7d3f0fe6918e17d9ce176a5bf5b69a6a7c767b93bad57994dc53495ba69d7bfe27eb7fc70d4fc0bf17a3d7b4bf8756fe0ed2a33ad5fd9cb7f677697d6a81e478e130bae01b790244f230dee0485891960bf427fc12ffc1d79f0ee2f0af8fa3bcd12f2c3c5105ee8b76b6da7dbc777673b4697712cb2c7186e56263b4bf3853b78523f04fc51fb5af8bbc51a4b5d5c7d9a6696f017964413c61c42aa00dfb9c3109b8fce57938515e9bfb117fc1497e2cf803e2dfc3af0ad978eae34ff0004dd78eec351bdd356da07b591e7921b3b97395df86b6063203a803246d6f9abbb199846ad3ab094774d27e7d1d925f3d59c987caead2951952925cb24dad5e9d55db7f2d8fea226f8c41a6fde4adca98d89ee7d33ea3df15f9b5ff0716f89a3bffd9fbc0dad4171ff00209d791d7e5ee6eec13aff00b20bfe75d07ed09ff053ff0001fece3e18bcd4afb568759bdd324f24e8da7dc44751ba612ac4ea8246453e59dccc0b1c2c6dd48c57e54fed55fb6cdffc6cf097c40b26d09adac7c65e275f11e9d71737c866b152ac248248d772b65844ebb4aed3e675cae3e0a9c2739269697f4fccfb6a9251566cf03fdaa6f46a1f19f5a9177797713c132852428f3218cf1d483f31e7eb8ed5c5ebbe11d3f48f01787f52b5bab89b50d491daf626836247279d32aaa1c9de3cb48c923186765c61433687880ea5f177e29d858e9f6ef7dab6b1359d9db5ac3f3b4d2b04448d77633ce146703f0aee35cf86771a7fc51f863a0eb11fd93ecda4472cf1c91187cb921592696371f31de1930e3aee623009af5a9be48469b7aa576bae8614e9b9394eda5ed7e976786ea961f61b35b86554872768523e66fa7a7bf4c8f6ae76f242e599b1cb1c7e75da7c51b910f87f458771dab690b88d40da37a9918e47524b7a67b13f2f3c46a0acb1a6efbdb457ad423a26ce6add51ef3ff04bef881e0ff02fedade0dff85850c33781b5c9a4d175959aea5b685639d0ac3248f1ba9f2e3b916f230276ed8ce7d47da9ff00056ed7fc2a9e33f87ede036b16f07ff625b36906ce42f6fe51d4839f2f712c417563f37392471815f963a3deb586a76f32b2c663951c330dcab860724771c74afb73e3d7c46b3f8e4fa6e93a14de1bd3e1f0e13a7d95b2b82b6d124ad26e658807556779095f28bab1e59cf27c5cf69daa466de9b7968d6bf89e964717ed79d2f86ff8a6799ebb65a5bf85fc3528d534bb8d426496daef4f8a7df7a8ed24cf1b955e02842a0962305c0e790317c03a037853c45757ef0ac7e7cf6f32cb29f3b7859c97055493c8c8208071cf439347e20587882c343b7592d6ce4b7b096450d0deed597e7fbde5c811f1f3704af20e7b1c62fc37f0c78875f4d624b1d2b56b8961b549635b7b492e7711710e7023cee1b4b6715cb4f0ede1da52567bea9f5bf4ff002d8f52b5752c5a94a2eeb6e9d3cfbfc8ea753f80516bff000c752d5edefcdd78b21d66455d3a3b8b7fb3b597fcf40dbb7193393b4606dc1049e2b90d463bdb78b549acdc4526a11c97134a7abe31f20ff68e7001f7c64f0702f758d43ed727fc4daf236de72a5dd36f3d3693c7d2ae2eb1ab4102b41ab5c4ac46487656c7e95e852a35e2fdf9296b7574d5969a79ad34d0f3655a85ad08b8f7d9df7d7d753dcfe287ed15f11342f0edcb4bf13b48be99a3684d9e9d6ed70aeb2028d879a3daacaae4865c32950ca430523e758e50f851f77b0c74af6cf13f8734bd4fc3b2183ecf32c91b6d656dd9233d0e7d78ae234af87b6cbf6766579a490b86404fcb8618e9edfcab1c0e3a9d3a6d356d7b5bfaf999d6cbe529de3aaf3773909d55235857332ca3736405c36597039391c75e3e9c57bd7c64f8bfa3f8afc2ff000fb58d534ed5a3f8b5a0d8c4b77aef991c967e23b789965d36e58aed6fb5450ecb46dcadb96d50b3972c1793b9f8532cba8c00d8b44ac0188490e030562c473d7ef1cfb1af3bf195d7d89750d25a155921be9248e75e1955860a7d01008c631b9f8391b7a28e2218992507b6a6357073c3abb47d951f8da15f8dbf103c5fe3bf09f843c6563ab5bc3777105ce96a6ea18e358cc92594ec7304a37f46631b8dcac14b0913dffe237c02f05dc7ece7aef8a3c37e1db5b5b7d19d118c9a7147b6de15b64d1b28689f6ba1008e432b0054863d7eb3f05b53f8ebfb0ee8be35b1d17e0af80745f1a787edddaf2c607d4af184b02978259dd6d0432672ad12995548c65c2827f29fe265b278575bd6b46f126a9a9eb8cb1b2da4f6da9f9b0477088ab19743bb7a9544404302aa148040db5e3d1c2cb112f672959c74efa2b2f25ddee7654c5416b182b3d7b6bbf9fa1f487ece1716373fb4c786e6b6fb2c30e9905dea8f145324843c1673c8876f51f3a27cdc7271df1597f1075b1e37f88b63a8288565d052fef6f2491fcbdb6f241e5641c1f9fccd8abc1cb3264100d713fb1269367a47c60d4ae2c711affc20735cb8562dfbe6f2639324f4c96638edd38ed99a2fc71d3fe1e7c64d4ae354b292fac66d3e4b098204668e39e378a5e1811b5a395d0918652c194e461b956164b337ec9b7c905f8b7ff03ee3e8b0dec9e52a155a8f3cdebd1592b74f2fc4e7be2b7c1cd4a7f08dbea5a669baa5c699676ca8279221b4032ed8c06180c4f988aa396396e0ed3b7d7bf68cfd8fbe1ffc2ed4cdbd8ff6dc93aa8dcb3df065040e700203c9c9c126bd1bc05e0ed23c45a8c374d349a9787d6d162d6fcc93fb364d0248622e51ed4a333894c90b23960262d203cc3718f17f8f5f1866f883e3ad4b519a4f2ed64958a927b13558fc7622be269d2c3c9c545372b79dacbd746ce8cab2aa187a15a78c8293ba8abeb671bf335e5b6a7cf7f1534fd3f44f137d874e85a18ede15f34990b9772376724ff74a8c0f7af40f1358d9f8e2cafa3d23c270cd7f1b5c1babf59d46249a579626018e76ac6e8b9ff67a9af27f11ea4359d7ef6ed795b89de45cf6524e07e0315eafe19d761d4bc2ba4a5c47651c9696c9124cf090eb807043a7ce091dc1cd7d462a0e9d2a7ccddd7aefa6f669bfbcf888d68caaced1f75bd95969adada35d4ca8a1f11683a65f2dbde5c5bcb24e24b7812eb7f92b93b94ee2178e3800e79e9de1d2be2f78b7c1f78d348f243344098e578bca607d9d36e7d3af39aea1e79aeade493cefb56c46223957cf04e0e0061894738ea4f1c5616b1e284d3b4cb86fb3bac91818f2e6dd1c993839dc15d78e7953d3f1ae384bdab6a74e32beff00d33bd4e1157854947c9ffc0d0c0f19f8ab52b7f145e7da2e96eae267f364965cbb176e4eee4f39cf5e6b9d9754926baf30b2aee39202803f2af6bb9fd96fe217c57f0cff00c2616be18d361d2f545fb5473c53020a93d72589ebd8d794789fc05a8782ef5adefa38d6443ced3b857ab85a946ca1a7376d0f32bd5e6a8dc1de37d0fa2bf67af0349f114eb571f605b5b092fda4823d8239177a92d955385190318ef9af70f0af80ed6dac3c296b6b671c171a64da8db34c00064fb4aba0dcd819c6e18e78c5767f09fe11da784a5558c266e005200fbb81c73ebc9af41d17e184773ac346aa238e195655231924739f6eb5f936371d2c54f9a3a2e8afe56fc99fa1e1b2f5865caddffe1ee713f137e15c7e38d321bfdab05cdb9598796738fef2f73df3f502be01fdac7c311f827f680f13d88dde4c661b85c2e33e65b4329e3eae6bf63345f81f6fa76a91db5c5e5bdc2cd8e21569382318c9c72315f09ffc161ff65f93c15f1523d5ad5447670e8a5ae4142acc46fd87d3b28fa77ed5e970bd48e1b10a127a495be7a3fd2df33cfcea9fb7a3ee2d56bf2457d07fe093df13fe23784341b4f167c48d36d745d2206834ab037177a947a5a33b48f1c513f971c41a46762233b4962724926be5dd73e033783fc6fe20d075bb892d2f749d066d4e0c2f94269e3c7eebe71f32922400afdeda083dabf50bc41f1fa3d37c1288d335d5d88b950c23551fef0e9f857c07f13751babdf13dd5f58886e35692de6b10f2ccd96b794bee5cf39fbc4638ea79ec7d6cbf3cc44eb3854b5bc92567ebf9dee72e2b23a7ecb9a9a69af577f911fec2b76d6c7e205c4efb574ff09c91420ae0869ee2d8f5f70b91ebf4af0df126b0da878eefae372fcd2bc672032951c720f1dbf0af7afd967c15a968ff00043e246b5a945716b1dd2d8e956af329433b46b249222e7fb89e467feba27ad52f861f06745d63c713789f59859bc35e19957cc8e552135491235115b107dd41703f87e5382ea6bba38ea1431b89af3d6ca295b5e89d97ab76f509e03115b0385c3c159b727ae96f79abbf2495fd0ec1b58b8f85dfb3e69f6f7cad07883c5e897d76993ba0b41bbecf19ce4e4abbca724b1339dc4904d7ce9f127c5c5cbdac6f99a51b6523fe59a1fe1fa9efedf5aeb3f686f8e979e36f18de5ebcde65edc31c1ea215ff0013ff00d7f4cf8ec92191cb331666392c4f24fbd75e4796ceef17885ef49dedf92f44ac97731e22ce9497d52849b5156bff005d5f5edb041035c4e91a02cf23055503924f02bbbd0afcdb58ac2c195a1c2146e1971ed5c76876ed71a82ed1f77e6af58f877e2182fa24d2f5fd0e3d56cee18a8b95531de5be471e5cabc8c6380e1d064928d5e9e6559456aaf6fbcf132bc0bad16d3b37b69a7cdf4332d6fd587cebdfa83c8154bc5b70b27876e977af2a31bbd411c0ff00eb577bad7c0cb99144da05c36a4ac32d632811df467ae140f96603803610ec73fba515e7de23b38e3864b7be69ecf6c9e5b3184b344e33c3af040ec71c8f435e7e12b52ab352a4eff9fddb9ae2b075b0ef96b45afcbe4f667a87ecc9fb586a3e08f004fe16b89247d3d918c49bfa1c838c67dff415e57f163c7bff000946b3332829b98f19f7ae7a2d2ae74c65b885967854ee1342dc28e9cf42bf881546f6737770c7d4f6e6bd6a582a6abbac8f1bde4ac7ec0785e3866d42d3737463c1efc0ff003f857adf8461b3b7d4fcc92dd64668f3d3209eded5e33e0993ed3abc0143622059bdb3c0af6cf0fe92d3456732f3b948c01d6bf1ba14f4d4fd771552e76f6be2468353b3ba58e37f2f1b770e98e466be56ff0082bd6b9e2ef1c784a0d4f4fd063d7ed66b796cb534c9f321b6653ca228dcc47277292540c952b92bf582f833509ed62686ca4665f990b008ac47bb60555fda93f67dd5ac3e0aff006e48b0f9636c909424b061cf3c01d0b7426bd1c33f6752351abd9ec78b3a89de37b36ac7e369fda56c7c4d6d1b5e5c5f4374b8dc933b4d19e83e539e87af418c1e3bd62eb9f12f459afd6ea3be45b88c1053c99369cf5fe1afa33e3a7eceba6788fc69f6c8f41b79b50bdfdebb45010d313f789d982cc08ce4f3557e0c7ecb1e1dd33c590ea1afe876ada7699bef2749ad54a3f9685d232186e2ace1148ee0b74af57eb780836d4249f6bafd4de3f5ce4bb946de8ff46798f8f7e3858f8e7c02ba568371f66d134978749d1e2917cb9b53bc99b7dcde3ae7381c1f988c2c88a3210e343e307c42b7f1b6bba3f843c33198f48b131699a6daa0ff0058c580695bb9666667663c9258d713f1feff0049b6f145dbe8ba6dae9b0b33c88b002b1aee386dab9daa38c6146000318e29dfb15dbb6abf1dad752bb7f361d0d56e15598fdf2df21fd1bf315d9f51a2a87d6a29a51bb49f769257f3ff0036724b3ca929ba1d65657ec95de9e5fe4ae7a7fed57fb27784fc1ba059dac76f2457d631089afe23b649dba9de3055bf119c742057c99ab780c595eb470de24ca0e37346548fe7fcebedff00daefc6abe22b2921deb1ac6a4bb77627000cfd3b0ebfa57c79a8192f75a8ece3f94cd22a0cf18c9c6481f9d766438caee9372936bcff00e09e0e6387a72a9a2d5967c07e1bb6d3f47f32658e46ba2496ddf30038031d877fc6bafd2e55d1e4568d54edec4735c678a3e15ea1a63f996378d751677019d922fd3b7e3c556b2f156b3a3c7b2eade4946400cca17dbaf73f8d75d6c3ac4dea42a295fa6c7a387c44b09154a74dab755a9ecda3f8be378d431665e815f9fc8ff9fa567fc7ad4edfc49f0aef2e268e1b8bdb530f9534c9fe911279aab80fd597071b4e40c938079ae3b4bbf3a9451ce3742ee3907fafff005ab2be2deb5770e8f6768d232dbdd3b19475126dda579ebc67f97a0af3b0796a58d838bb34eff76aff0023d1c66657c14e32574d7e2f44fe57381b5b996ca4f32191e36f556da6b42db5286fc79775fb96ed246bc7e23fa8fcab24a18cd394e47b66beee54d3d4fcff009b5b1fac1e01d6b66a91e3e569ce33d2bec2fd9b745b7d420d3da55f3561f99dcfdd55ddce4f41dbad7c51f0f770d52c9995b696183c735f77feca5796f6be1ab7371bd542b050a3ef7ccdd78c9e87a6073938c1afc6fd9b8a47e855ab371773dfbe26681a5ea9f639b4b9365ac6810b08caab1c64a8dc074c1e4023deb13e28dbdd7897e0a4da1967920b581ca8209f371c0c923b803a63a9ebd4f73f0f3c2171e2f893023d892ed8f68cb3865c95cf607819fc33e9d87c42f86b6de19d33ec9a831811a1f9d1b6ee55c60fcd9dc4f72727191d3bf5aa6f9798f27da252513e13f81ff0b3455f04eb579aa5c2c6d6d70f25a2e7e69328aa07a7504faf038af96ff683f09065f1369da67970b4d03b40064f231950393827fa7bd7ba7c49d4eebc31ad49a5acacb1c523ac8a7ab02c7afa77e2bc3bc5da8dcffc24375239e06e42c4e372e783f88ae3ab177e73dcc2c54934de8cfcd2f8992c90decd6b70ad1c90c9be207f8a361b87b7a7e24d7b17ec03e168756f06fc44d41a20b756f269d1c1377c9170cc807b055fc4ad58fdb4fe13c2d045e24d2e258d61c417d146b8500b1d9281db93b4fd57de9bfb1d78922f087c06f1cc9c093fb46d88c757cc4e147e3cfe75f5957151c4654fd9eeec9fadd1f372c3ca8637967d2efe566617ed15e29956fa48cb6d78d332953f367278cff0fe86bc9be1769a7c45e2e66f9945ac4f39c7af0a3f56cfe15b5f18bc5f1f8b752666dd6c18b33a638662c493c75f41e9d6ae7c189ec6c749bcfb1b4b35ff00983ed69b3ac7cecda4755eb9f7383fc39de953787cbdf2ad5e8186fdf63a29bd16bf77f5f71a6e1ad2411cc76ae71b88f97ffad507d9174eb9668be50df793f85bf0ed5b7ac69c9aac27cbda778ff3ff00ebae76c64934fb96b5b91f77ee93c0c5799464e4afd7aa3ea2a5a2d266b2d9d96b113148d6099393d8ff00f5ebce3e3679915ae9f1ba8052497e61d1b84aee264f297cc859832f2ac3b7b63d2b81f8bfa8bdda69eb228568da4c90383f72bd4c9e2feb516b6d7f267939d69839fcbf3471a921750adf37bd5ed1b46feddb830c7736b04fff002cd6e2510aca7b80edf229c73f39507a039c0305be8b757162d70b6f3342a32640876e2a28c723d335f69a3d227c3f24d34e68ffd9);
INSERT INTO `profile_pictures` (`user_id`, `picture_no`, `image`) VALUES
(5, 1, 0xffd8ffe000104a46494600010101004800480000ffe10eec4578696600004d4d002a00000008000a010f0002000000060000008601100002000000140000008c011200030000000100010000011a000500000001000000a0011b000500000001000000a8012800030000000100020000013100020000001c000000b00132000200000014000000cc0213000300000001000200008769000400000001000000e0000003e043616e6f6e0043616e6f6e20454f5320524542454c2054326900000afc8000002710000afc800000271041646f62652050686f746f73686f70204353352057696e646f777300323031373a30323a31302031373a33383a343000001e829a0005000000010000024e829d0005000000010000025688220003000000010000000088270003000000010190000090000007000000043032323190030002000000140000025e9004000200000014000002729101000700000004010203009201000a000000010000028692020005000000010000028e9204000a0000000100000296920700030000000100050000920900030000000100090000920a0005000000010000029e9286000700000108000002a6929000020000000336370000929100020000000336370000929200020000000336370000a00000070000000430313030a00100030000000100010000a002000400000001000001f4a003000400000001000001f4a005000400000001000003aea20e000500000001000003cea20f000500000001000003d6a21000030000000100020000a40100030000000100000000a40200030000000100000000a40300030000000100000000a406000300000001000000000000000000000001000000c80000001000000001323031373a30323a30322030333a35303a313400323031373a30323a30322030333a35303a3134000007a00000010000000800000001000000000000000000010000001d00000001000000000000000000000000000000000000000000000000000000000000000000000000000000000000000000000000000000000000000000000000000000000000000000000000000000000000000000000000000000000000000000000000000000000000000000000000000000000000000000000000000000000000000000000000000000000000000000000000000000000000000000000000000000000000000000000000000000000000000000000000000000000000000000000000000000000000000000000000000000000000000000000000000000000000000000000000000000000000000000000000000000000000000000000000000000000000000000000000000200010002000000045239380000020007000000043031303000000000000000278d0000000389001a5e000000025300000006010300030000000100060000011a0005000000010000042e011b0005000000010000043601280003000000010002000002010004000000010000043e020200040000000100000aa60000000000000048000000010000004800000001ffd8ffdb004300080606070605080707070909080a0c140d0c0b0b0c1912130f141d1a1f1e1d1a1c1c20242e2720222c231c1c2837292c30313434341f27393d38323c2e333432ffdb0043010909090c0b0c180d0d1832211c213232323232323232323232323232323232323232323232323232323232323232323232323232323232323232323232323232ffc00011080064006403012100021101031101ffc4001f0000010501010101010100000000000000000102030405060708090a0bffc400b5100002010303020403050504040000017d01020300041105122131410613516107227114328191a1082342b1c11552d1f02433627282090a161718191a25262728292a3435363738393a434445464748494a535455565758595a636465666768696a737475767778797a838485868788898a92939495969798999aa2a3a4a5a6a7a8a9aab2b3b4b5b6b7b8b9bac2c3c4c5c6c7c8c9cad2d3d4d5d6d7d8d9dae1e2e3e4e5e6e7e8e9eaf1f2f3f4f5f6f7f8f9faffc4001f0100030101010101010101010000000000000102030405060708090a0bffc400b51100020102040403040705040400010277000102031104052131061241510761711322328108144291a1b1c109233352f0156272d10a162434e125f11718191a262728292a35363738393a434445464748494a535455565758595a636465666768696a737475767778797a82838485868788898a92939495969798999aa2a3a4a5a6a7a8a9aab2b3b4b5b6b7b8b9bac2c3c4c5c6c7c8c9cad2d3d4d5d6d7d8d9dae2e3e4e5e6e7e8e9eaf2f3f4f5f6f7f8f9faffda000c03010002110311003f00744957228e802e47155b8e2f6a00b290fb54cb0fb5004820f6a4307b50031a1f6a81e1f6a00ad24555248bda802a347cd1400c892af451d005e8a3ab91c54016d21f6a65ede59e976a6e6fa748621c658f53e83d680196fab69f730473452334720dcadb08e2aec6619f3e53ab95ea01e47d45002343ed55e48a802acb1552963a00a6d1fcd4500430a55f8528034218eaf451d004d3cb1595a4b7539c4512166c7538ec3dcf41ee6bcc65d4935bd4257bf11493c83708fca1318235572163dc368627bf7ef401b1a6e90da12dbd86db9bbb742e073b5946e6c027e50c0a9078ce369e28b2bbb9bfd69fc8b716ed04c618de572a64cf4206339c03c0cf5e7145d31b4d1dfc7fbd439c6f538703d6a2922a0453963aa3325005174f9a8a00ad0af4ad18568034214ad085280392f88ba8c96d6965a7a4770629cb4d732c0a4985131b58e01e3393ff0000ac4f8756d16ade25bd9572d690a2aa929f78e785ce063000e3bfe03098d6e7ae4e9fbaf2f6aed18e315c3f8e6cefc58ade69e36dd5b1df1bae339c8cf078fcf3d3f0a8bd99b72de250f086b93426cd6e4471c172157621cf93bb21578030323d31820e4e735dfcb1d686051992b3e65a00a2ebf3514014a11d2b4601d28034a115a10ad0079f78eb54b27f145a594d72145b006450a182e413c9c1c70718e09c83daa4d30eb1a1f84cc1a3d94b0b23fc8639232d2863f7f0c8401ff02fafb26546f725d0bc61e2185a49fc41693cda789022c91451994b31c280aa40619206064e4fe55755f146b37c1ae2ca178ec9ddc2ee85438553b790d9e49cf41d8d4591ab725a7532d25936a40222ab149b4055c73f4c673b78ff000efeb76d31bab08676187740587bf7ad0c5904cb59f30a045071f3514019d056941401a5076ad183922803c8ae0249e3196e2e643219a77976190f963b7a7a63033dfa1c57a068fa97da7c3765a969f20883db85114911913009c60020eee71d7d063bd44de8694d5d96ed6273736faa6b322882db3240b0c4446ae411bdf962485240e70371ea706aa4576e354bd9ac5a33a7c92ee0278586243f78a9c8f94b73d3a93838a9d2c6ba9c5eabb8dd1b569516f2394cd22ac380c49e4e18939c77ce38af44f0edc89f4688646428206083823b83ce6b55b1cef72dcd59b3d02283fdea28033203d2b4613401a509ad181b91cd0078178975789750bbb5b552adbf6c86450704643007d01e3d7afb574bf0b3c487c81e1bbb6092162d6ccdc6e53c95f63d48f5cd4c95d1707667a53e8d6d6bbbec7a7280edb9bcbca9e7ae086538f6ce07a5735aa3dbf86eda4bd7852066fdda6e24f1ed924f2707af61cd41d17563825d5e5d6af7cc6111ba92490c00f396c65540ea7270a7ea0715dce9fad43a4f94f25cc709d91a490337dd6e8cad81f7c7e19ebdab5394eb2df50b6d4ad16e6d25f32162403820e41c1041e45569cf5a045073f351401950b74ad085ba50068c2f5756611c65d88000c927b5007cd5a84a2e35ab9ba2d88e69dd95beac4e6b774ad42de19610d0aa5cdce114b64614e71ce72005f4e9f9d2e835b9de278c35ed374d4b786682f1b2143dc29ca03eac386fc79f526bcd3c61e23d4b58d541b9b93208f3b4226d407fd91d71f539e6a636b9a4af636bc3767f64d3a2d596551791be54cb8c22fa7b673f9115a579792dcc7f6c3710c7e5861122a6dda09c659d881d0f1e9903af5b33367c083ec09772adc33dacb2148d5971e7053feb073f5aece671eb408a2cdf3514018f0bf4ad085e802fc3256478b35358f479ad848504a855dd7a85ee07ae7a7e3401e4f7302ddea1e704582dd810a918c7418e2ab4b2bbcd6e61701d9ca1daaa72060ff3e79ebc75c700ceeed6ceeaeec209442c5668c11d80f5acb9f44b1b58566d4ad9a66983c8b2024f92b19c9f97d09c658f407b0cd671d19b4f588d8ef92f6657b22fe44b229584a7046497ddd800580ee0103a935b73bda691637371e690ef92d2c995554eca4e7a648e32324f4f4d0c4c8d1f5cbad42fe2f23ce6b42c0b33affac39c29efb47a0cf38e7a73e90b2ee814e7b5022bb3fcd450063c4f57a292802d19cac6715e73e2bd54cba91b73b8f978f940da3d73fd3f5f4a00e6bed8f705d0e37795840720051fd339fafd7aeb787f4692e359b678c2f988c5a3dcbf2af239e3ae3dfebd3a833d661b08ec744f2559b222dac4924f039f7e7fad79e5c6b1753ddcb0cb858a2055559012a0b13c7f9fc3b56695a46ae578997a56bd6d0225a5c4f15bfd89f0df3712ae7a0ea4b640e00e7b63069b7cf7fe32ba412bf956103168e163800678240ead838f61c0f7d0c8e8adb4c5b3b28a18a3996ddd1640accbcb9fa0e71d876f4e79eaed1c8b28c127a7734084693e6a28032237ab91494013f9bf2d72daee916f717d0cc4215da014046e90827008f4edc7a7e34018fa4e8708d46e94dc42855b01338765f500f23b7d3f1af42b045115b7904aa063bd4018231c67f4ff000a00db46fdc8472338c1c0c66b86d7f4886dad2e2659429dc642813e6e0f1823b76e781b8d03b9c6d8a259de5f40d144acecacdbd770dad83c9eb8fafafd6b5747963b4b693cc055386453c0271923df9febea6811b7612c7347bd102348096cb027d303f5fceb5e2bc8dc6c8cfdd18c5002b4bcd1401931bd5a8e4a00b0b271d6a48db0491d4f5a00af3da5bb5d35c3db2caec1707602548cf39ebd08e9ef5a96cc238d578e3a5005a13f1d6ab5dac73212e8afc630c33401c0f882c6381249a38ff7aec02ec1990a81cb1f4e7b7b8f4acab7772634552f0838f9467a1f5f5c11fe7a8074966a1837d9e52c107639db9e7fcf7abd6d079123b863f31c91da802c1939a28033509ab28c68027463538634012ab1a9439f5a007076f5a0bb63ad0067df46b221dc3a8ae1ae0794d76e8cc369c05cf1c919a00e974c8c259a30e491bb903b8aba3e55c0ed400c2c7345007fffd9ffed1f1850686f746f73686f7020332e30003842494d04040000000000241c015a00031b25471c015a00031b25471c0200000200201c0237000832303137303230323842494d04250000000000102966d2b6dc6e57e11636e54f73f85a403842494d043a000000000077000000100000000100000000000b7072696e744f7574707574000000040000000050737453626f6f6c0100000000496e7465656e756d00000000496e746500000000436c726d0000000f7072696e745369787465656e426974626f6f6c000000000b7072696e7465724e616d6554455854000000010000003842494d043b0000000001b200000010000000010000000000127072696e744f75747075744f7074696f6e7300000012000000004370746e626f6f6c0000000000436c6272626f6f6c00000000005267734d626f6f6c000000000043726e43626f6f6c0000000000436e7443626f6f6c00000000004c626c73626f6f6c00000000004e677476626f6f6c0000000000456d6c44626f6f6c0000000000496e7472626f6f6c000000000042636b674f626a630000000100000000000052474243000000030000000052642020646f7562406fe000000000000000000047726e20646f7562406fe0000000000000000000426c2020646f7562406fe000000000000000000042726454556e744623526c74000000000000000000000000426c6420556e744623526c7400000000000000000000000052736c74556e74462350786c40520000000000000000000a766563746f7244617461626f6f6c010000000050675073656e756d00000000506750730000000050675043000000004c656674556e744623526c74000000000000000000000000546f7020556e744623526c7400000000000000000000000053636c20556e74462350726340590000000000003842494d03ed000000000010004800000001000200480000000100023842494d042600000000000e000000000000000000003f8000003842494d03f200000000000a0000ffffffffffff00003842494d040d0000000000040000001e3842494d04190000000000040000001e3842494d03f3000000000009000000000000000001003842494d271000000000000a000100000000000000013842494d03f5000000000048002f66660001006c66660006000000000001002f6666000100a1999a0006000000000001003200000001005a00000006000000000001003500000001002d000000060000000000013842494d03f80000000000700000ffffffffffffffffffffffffffffffffffffffffffff03e800000000ffffffffffffffffffffffffffffffffffffffffffff03e800000000ffffffffffffffffffffffffffffffffffffffffffff03e800000000ffffffffffffffffffffffffffffffffffffffffffff03e800003842494d0408000000000010000000010000024000000240000000003842494d041e000000000004000000003842494d041a00000000033f000000060000000000000000000001f4000001f400000005007a00650069007300740000000100000000000000000000000000000000000000010000000000000000000001f4000001f400000000000000000000000000000000010000000000000000000000000000000000000010000000010000000000006e756c6c0000000200000006626f756e64734f626a6300000001000000000000526374310000000400000000546f70206c6f6e6700000000000000004c6566746c6f6e67000000000000000042746f6d6c6f6e67000001f400000000526768746c6f6e67000001f400000006736c69636573566c4c73000000014f626a6300000001000000000005736c6963650000001200000007736c69636549446c6f6e67000000000000000767726f757049446c6f6e6700000000000000066f726967696e656e756d0000000c45536c6963654f726967696e0000000d6175746f47656e6572617465640000000054797065656e756d0000000a45536c6963655479706500000000496d672000000006626f756e64734f626a6300000001000000000000526374310000000400000000546f70206c6f6e6700000000000000004c6566746c6f6e67000000000000000042746f6d6c6f6e67000001f400000000526768746c6f6e67000001f40000000375726c54455854000000010000000000006e756c6c54455854000000010000000000004d7367655445585400000001000000000006616c74546167544558540000000100000000000e63656c6c54657874497348544d4c626f6f6c010000000863656c6c546578745445585400000001000000000009686f727a416c69676e656e756d0000000f45536c696365486f727a416c69676e0000000764656661756c740000000976657274416c69676e656e756d0000000f45536c69636556657274416c69676e0000000764656661756c740000000b6267436f6c6f7254797065656e756d0000001145536c6963654247436f6c6f7254797065000000004e6f6e6500000009746f704f75747365746c6f6e67000000000000000a6c6566744f75747365746c6f6e67000000000000000c626f74746f6d4f75747365746c6f6e67000000000000000b72696768744f75747365746c6f6e6700000000003842494d042800000000000c000000023ff00000000000003842494d04140000000000040000000a3842494d040c0000000016ef00000001000000a0000000a0000001e000012c00000016d300180001ffd8ffed000c41646f62655f434d0001ffee000e41646f626500648000000001ffdb0084000c08080809080c09090c110b0a0b11150f0c0c0f1518131315131318110c0c0c0c0c0c110c0c0c0c0c0c0c0c0c0c0c0c0c0c0c0c0c0c0c0c0c0c0c0c0c0c0c0c010d0b0b0d0e0d100e0e10140e0e0e14140e0e0e0e14110c0c0c0c0c11110c0c0c0c0c0c110c0c0c0c0c0c0c0c0c0c0c0c0c0c0c0c0c0c0c0c0c0c0c0c0c0c0c0cffc000110800a000a003012200021101031101ffdd0004000affc4013f0000010501010101010100000000000000030001020405060708090a0b0100010501010101010100000000000000010002030405060708090a0b1000010401030204020507060805030c33010002110304211231054151611322718132061491a1b14223241552c16233347282d14307259253f0e1f163733516a2b283264493546445c2a3743617d255e265f2b384c3d375e3f3462794a485b495c4d4e4f4a5b5c5d5e5f55666768696a6b6c6d6e6f637475767778797a7b7c7d7e7f711000202010204040304050607070605350100021103213112044151617122130532819114a1b14223c152d1f0332462e1728292435315637334f1250616a2b283072635c2d2449354a317644555367465e2f2b384c3d375e3f34694a485b495c4d4e4f4a5b5c5d5e5f55666768696a6b6c6d6e6f62737475767778797a7b7c7ffda000c03010002110311003f0066b515ad4cd6a2b5a92976b515ad49ad456b5252cd6a2b589dad456b125310c530c536b1103125230c520c450c520c49483625b158d896c494d7d8a258ac96289624a6b1621b98ad1628398929aae621398adb9a84e6a4a6ab9a84e6ab4e6a139a929fffd0335a8cc6a8b0233024a64c6a331aa2c6a331a92976b519ad4cd6a335a92966b511ac526b515ac9d009f2494c03154bfaaf4fc6b8516dad6d8481b49ee4ecedb9df4967756eb166466b7a574fb7d1a58e70ea19ad2039ad00b7662bdc0b3db77e8adb7f7ff9aff48b91ea380fa6a6f50e8eccccc153cd97e5d8c0e637d3f76e3b6b163bf48df77e67a7524a7d14e66283f49c40d643491a22d6fa6d8f49ed793d81d7fcdfa4b029bacbaf1b36b2ddcd65b5dce730836b1b700da6bfa5b27e9bacaff3d58bb1ded0dc72e2eb00dac7c6c98fa1b76fb6b7d9f99e9fe9bfeb7eaa4a764b144b166747ea77d8c6b2f7faec712d05f02d6004b1ced037d6a6b7b767e7ff00a4aec5b458929aa5886e62b4e621b9a929aae6a0b9aadb9a82e6a4a6ab9a82f6ab4f6a0bda929fffd1b8c08ec086c08ec09292302331aa0c08ec09299b1a8cc6a83023b1a92976b554eb79aec1e9eef44c65e4eea717c9e5ae7beeededa2a6efff008cf496835ab87fad39f4f51fac16f4736fa470dacaa924308f51c3d4cdfa7eedd635f5e3b9bf43d3ad253955e5370db8e68aa5d612e2fb016c06bb61756f0edbb9db3f3ff4957f5d74bd2b0b272293896002b6e30a5d8ceacedf50becb9afb1cff0077babb59ebd5e97e937dbbd73391ea7ed5c6c5c77b83ecb9c287c82e12e66ebecd83f9e75b43f7af50e9f8631686b34de7f9c23c635e7dc91480e0e5747ea2fca39443b0cbc6cb1d8cfdec3ee7dd55b636c66e6ba873bd9b1bff0006b23adf42ead99998af70df557ee6bc1312dfd2ef7d341f4fdd6fb7f44eafd3aff48faf7aeeed2e20f80fcaaa5c1edadfb5a0eed3dbff007eac96ff00d077a899c4bf8411b381d33f6307e465168ad98223ed5792486ee753716b59fa2a31a9f419e8ee67e7ddfe8ed5bb897b2d9602780fac3bda4b488dcdac86bdb5b9cd76c5e7bd6732fe89d485f407371ad13914021ccb3e97ead69b18e63f13758fb3f9afd158ff0053d2f596d74fea59786eadf71ba2e2ebab6de5d658f6c89bdd92eb3d2db63f77eafb2af47d4fe6d3d611469eb9cd4273559f6bdad7b7e8bc0737e0e1b90dcd490d57b505ed569ed4178494d57b501ed569e101e1253fffd2d160476041623b125266047604162b0c49495811d8109811d812525ac0904f0353f05e6dd4b1fa765752c9c47574db7e636fb7d6b1c5d91eb3dc2eab6d5b1cd66fb5f5d3be9f4bd2a3d5fdc5e83d432aac2e9b93957582aaeaaccd87805dfa26f01deedd67b3dbf4d79d6375ac56e6fda5d53eaa5ad73cbac22bb2d7b47f38dc7fe71d552df6d7bacffadfe912526fa9bd0f16db2dea7d55eca28c7d007b9adaa6435ef75923dbbbd952eeff00e74fd5aa09a2cea74b5ec1a9792c0469f9ee686bb9583d1f0baa36d2e196fa7a73c17d556335ac7c86eebcbefd8eb59b1ef67d07efb7d4ff0004b1fabf49ebd65977aae0ea6d739950bedbf2096cb5ee756df45fbdeeddfcefefff00a1d89a6ad7806b67d06accc4cba45b8b7d77d6f82db2a735edd7f94c2e4d936d54b3758e6d6df179007dee5c1f4dc7eaff005768b7ae5e6971691eb63d8c3597b5ce6d7b6bb29f43d3bdd3ec65945aac65e7754eb7d51b4750e9a30bec950b6ec7797b896db2c69fd2b58dd9f4fe8d7fc842ad7f1574d5b3f58ece97974bd9565d0ecb2c22aac381277883fc9f752aa3835988dacdbbdeeaaba995c12194d4d0e7bb7b9cd7bdb6d9ea59b9be92a3461750a6dadb7b2a7bed25ef14b5ad24b87b376fa5967b54a97640adc010598df459a16004b8d7f68fa153eddb5fe77e87fd255fcd270639124d914f63f55ef6dbd2fd0041fb3388041996d85d6cc7e6b3d5f5595ad3785cf7d5737557ed76953e58371f719f76e6b7f7776dff008b5d23c22b5acf080f0acbc203d2535de15778565e80f494ff00ffd3d262b0c55d88ec494d862b0c55d88ec494d8623b10188ec494e0fd79b6c774aab02876dc8cb7b9f5ebb41f4035feeb3fc13775ac76ff00fad7f845cd749c7f5336c7e5bc5ded0caebad9001ac6cf5329d6b5eefb554e77e87d2ffadae9beb75db19402e8632b7d8e0782647d2d7fe0972d4645f80e7e65cc2fadcddccdcf9731affa4d6b5aefd1ef77bd9b1253dae032d3d2318f4b7d66ca2d2e7b2d276beb77e8aec77ded163e9bf616dacbb6d9fa7a2baecfd0bec45bfadb6b0596f4ecc67a40c90ca6c69f26d94e4bbe92e7ff00c5ee6fadd11f49710fa2e7b4ebaf6d93fbdfa35b3d41c316cfb65d5db94da369f4a9697bab61fa77fa40eeb6dddfbbfcdd6a3275aa6688d01bdd963e2dfd6f3b1f27231ce2f4ee9f68b99458e1eb5994c03d037d556f6514626ff5767abbedbbd346fac75db8f6e3f56c66fab6d05d4e4d0d203edc677e91c2b73fdbebd16b3d7a77fe8ff9daff009687fb4a8350b594e5e0d8e1babb9d4bb63899d9eb56cf52abdbb18e7ecb7f4d5b3fd12c7c8ea9f69b45b9d93764d38e1af8a29757539c4b7d3b1cdf75b67f395fa35eff004ffe0ac7fbd15575fc5d77f58c7fb0d97331731afda36b7ecfa9df3eddcd7babfd1b87e91feafe8ff46b9bbe9b0e01aaaa0b1d6fab6d955bb7d5b3797b5cd0cadeeaebf6b7754df5bd9ea7a9ff0017d1e3bdb7c3cd6fa59633f4953c6cb25fea0fa3aecfa1fd75c9751c9c8a6f6e451b9d8e5c0d64388b240fd2d8d66d6ecdbee6d5ea59ebdacfa6cfd2a315b3d9d4fab790e6163eeabd101ad22a8da5a3e96e7b5fb5fecfa1becf7fa7ff005b5d8b88203870448f9ae23a4da2ac8bafa03bd034b5c6ad8d2c3582f8b83f477aef6fe8b63bfd055fceb175d8594dc8c761dc1cf0d04c705bf98f1fd64e6366f407a3bd01e92903d577ab0f55de929fffd4d162b0c559851d8525365851d8556614761494d961476155985198525385f5cb2f1f1686bf26a3756e60dac6fd27383cee6074b76fe8b7af3ccacc7653ab735c4b58d12e77e73dc7758ed1addac6edf4ebafff004a2ec3fc655bfab60b260fa8f77c98d6ff00e945c156edce248d24023c4c787f5924ba7f55bad59d13a87ac4b8e1dcddb91c406b756dd1ff00053f418bd6fa7b9b6d232ab7b6daee68756f69043847b5cd72f26ab029c9b2b69b03598cef4c473639bf4def7bf6b6babf71751d33acdfd1d94558ad17e231bb2fc264fa81e08dcfc6738fa6eddfe83fc27f834d90eaba12e8f5f69beb717637ac373898a9db089d3dd5bff42fff003553ca195956b5970be0b98f8b5c0996968d2baa29a3e86fdff4d1e9fad7d0afc7f5db955b0090e65a7d3b1ae076bab7d366db37b5cddab17acfd77e9b4d25980e3976bf473ab1ec698dce6db77d1f51b5fbdcc43564e2eba79f56af5deb56e2b9db2c0cbcc401dcfd167f59acfdd5cd519992287bf77e9c6f73ec79ddb9a432cb6adf66ef49b63b659bf62c5bfaa59979165f692f3618693d87f25bf455dc3c1bf3b1f741af1f1f82c81badd8ddacf77d27bd9f4defff00c827014c52365eb7a3b2c6f52cec163c37100270b2622a0c91eb50cc87454fa7759fa17b7f4acfd3ff00825a3879b4e2baa355f8f490e22f6170d5fb75655fc8f6d8eb6afd13ecfe72aff44a83f3fa4dfd2b19b75958c1c6d8db319da36a3586b43fd1fd358ff57d4afd67d743fd7fb57f81fe71631cac2b9d75c07ad556d1e8b1ce24b2ddcfb7d5f5ecf42dcaa9ae7fe899e8d7e833f47e9a287d0f1b3f0f3ea3761dadbab69da5cc32014ef2bcf7a0758cdc3ce6dae7934dce9b6b3a34b4e9ed1f45bb9acfd1b18bbf738112de0ea2743af8a4844f280f28af280f2929ffd5bcc28ec2aab0a3b0a4a6cb0a3b0aaac72331c929b6c722b5d025566390f37386253b800eb0fd069e27f79ffc9494f1ff005ef31b97d4a8c0ae1df641363a7f3ac8b1ec3fd4632b5cab3757635cc976cd440d43b5d9ff004fddb57419b6368a32f1b78beecab1963ed783be58eddfa403daeddbfd472c8c6c475afb3d5f63010017111afba0b7face49292abacc3c71bdce700e1664b6b265ae768cf735aeaff77e87e92cfd27f835add16f2ea88cc693981cef5a5a03840f4dac735bedafdbf49655b6d8ea9c0580ba869753537635ad702cfd2d5fce6ffd1b9eef494fa1df6d7756dbaddedb0b83a5c759d7d66bbf39bb5fff005d40ec98eeedf51a066d7fa66566068d158feab388fccfd1ac6eb049a7ecf8adf4f198d835b411263e9bbfadb56e96168735cdd777b5b1da39ddfbaa9bba63b2721c5e1c2aa9a5d636b76db1edd65adb5ffcdfacfdf5a682c840a793a59659636bac6e79768c1e2786aee3a3b5adc2188352352f1cbc39deebdac8758cf77b3ff562854ee8751afa963329c3af177e2966e96b58ef731f7b9ffa6f59dbfd1f55edf5ff009e556faa6ec8a1b7369c6aeb71363f6ee7d8087d963ac639d663d4c6ecaf658eff00ab4f62495d86e7d5653487541ee7b05ac07de373776463b8bbf40d6becf57d4f7d1fa4f4d1f25d919b862eaaa7dd895d8e15b30a9646f68f51eef4a1cf6e37e8d9fa0bb7db7fd3fd27f36963d23aa6057658f61735edf58bc3981f582756bda3d4f4b6ff00877ff817fa9ff17773cd1433d3c6f73d9557e9b6b3e90656e1a3bf5377adf677ec65dbae6fab6ffa6fe67d24a45d259947a864755cda36dd7eff00431dee0cf6376b1d635ceafd1f559b7d9fa5aff3ed7ae871b283ec7c9fa7b5fb66761220cbbfe13e9ff2170b77566e3bf661e51b7a931e417fbecaab047e9773b29f7fadff0075bf9ebb7ff4af4ff9b5d0f42bdcea80b0936b8ee7b9e771738fd2b5cefce739243bcf282f2a45da7282f724a7ffd6b0c28cd72acd722b5c929b4c72331caab5c8ad724a6c1b768d39587d6ba8fa3b7610fb5c4ed893b8feec05a3738edd09d7c04cff00274fde5c6f5acd79ccb98dacd6ed19503f9ac8db656cfe539eefa69291d66b7bc5b79231fdcf234fd239a39dbfe8d8ff00fa7ff0885ebbdd53b2034175a65b2406003db53777f2dff98dff0047ea2a9639f639ac8f51ee89683edda3ddb5df9ada58dfa49eb79c9a2c97388924bda035af820b594feed9f4367ee53fa2d892583eeb6baad6b9ed26c058e60f96e9ff0047b7dab6ba274f7371716cb2973b29f703556c30ed9b2c7b5ef6c3bd3f563e9fee2a4dc76ed73cb0bdad6837d9abfd47376d9692037d98d46d732eff0049fe92c5d9746e90ca59f69f73ee79dfea58357c86b9aff4cee6d4cd3f57fcff004d22a1a16fb31b1ed61c9b6b0181a0800c93a4fbdfff0052a8b72e8c5b6dc8c8736bb0d7a92e1dcb37b1d3eefa1ea7f62bf57fc22ddb882d03b6b3a787e72e0beb03adfb41b0b62bd82b6ce8416e9e9bb9fe69dbddff0008995ab2d8211755c1c66f4a20ed1757639d5da5f365d5beebff0056b2b6b2bfe8d5b68c963ff7ff00f039d3d3f131fa7e3bf28cd4e22dcb6bb6c38365ff00a6b7ddea337ff83fcf7fe8ff00d27a81732afb3baa3018e6c6fdd2f04cdb439ef60dad6d76b76bf6ff00a5affd22cfe99d5296bbec79363598ced2ac9235a6d79601922b79d8e63367ee6fff000a9ec4f6386ca6ca6b75b68635e035a6c86b19a0149b3d435d7f98fdbfcdfa7e9ff36b93ebbd6c64e53f1ba28b2ba5ee70bb2b711664123d286b591e961bbdfe8e3b7fd35bfe97d352ea3d5ddd4ab66263cbf0d85af2f7340759609637dad6b7652cddec6ecf7ff39fe8d58e9dd1b1dcd176439d21db4d4d0418fa2efd218fea5d57e8f657fe13d4fe69290f43c2c66d67eda63171cfe90b4ff39603ecc6a1c36b373df5fbff00495ff34ba2e9b7baa79a456daeab5dea32cacb4fb386cecff5f7fe8d38a736ec3c4b4beb16552df6d6d04027d9b5bb9bb2a6b5bfa3c7a6bfd2ff00c527a458ebb7b482d90c2e003593f4486b6bd95bb6fbbf48c6a4876f7cb41f1427b9290000380210dce494ff00ffd776b915ae559ae456b925365ae450e559ae440e49492c0d7b4b080411a8331e5f476bbfe92e6faee0b5f995fa70726cac0b75f6e83e933e8b71d8da6a7bbddffa957404cf26359d106f17dc0d6c6b03400e797388dce074af731af7b19edfd2d9b3fe0f624a78fea1d2eba316a206a7d97d81c3693a4d5be4fa7b3e87d0fd22b7d3306e7521ad01ae9dc5db771ac38fa5e9b1a7ddea595bbf73fe296c6674ab46259e9bdae7005ef68690d25a0bde5ad97b9fb9dfe9147072ba97a7453938a19516b1d45d58f6b9a183f9df73bf58b2b757fd8f624a75f071832a79a4345bb1d5891ec0e8dad6fb8377d6dfa3eefa6ace25969c7a6cbabfd23f68b4406964fb0fb04fb1aeff00c0d57c216863b7e85daf7d49d5fa7eeb55bc70caea6b1836b1a21a3c9253709f6c0fef581d53a59c8cc1e9d6cb984efba9738b1aed77173b6b9aeb3fe29ab643d06f9d5ecfa71a14936f1b9f4da2ff0056e6be9adc0d57b86d0e2f71fccae377bd8dff00a0b3ba1d58f4e43c960b5d5bdcd366df76d70d94ed0fff004b6b5bf4bf3d749d53172f2eca2d707065360713a6d0e25bbadada61bf46b657efff003fd35cf3eab2bea975b554598ae6b9ae01b2d6b47e85d26ddaddcdb98cb3d4fdff00d324865736a7d82faaa155ac6ef731b24c02e67a95bbf9bfa2dd9ecfe6ff00c2adbc7da68adcedbe934170a8c31b5b472c73bdfbfd9bdd77fa4b16232d6d8f6b6d713b2bdae7fd2740d7dc27fd20fd2fbbe82b6fbec6d62a647a7b4692225dee6ff99f4fff005624a74ea650fdf93bcbda0bc31a5a4343c9fa15b4bbdcea9b6b3deed9ff009f15da3dd635c21ad6361ac0223e5f47f97bd63e139b5d41c76935d843499fce065db7f95b9fec57edc802bdfa6f260868868fdd6fe76e6a4a748d8141ce5470f25d6b373b42ee37193c03a7eefd2564b9253fffd0035c8ad72aed729b5c929b2d72235cab35ca61c929b1bbe69db03e482d7298724a4e0ce87855ab7b71eaab1c6e05ad03d50c01bbda06e799ff0048e6a207298724a4948dad2de003b5bacfb5bec6b8ff005a372387aac1c071c270f494dade99ce046baa07a897a89298e58adec2cb46eaceae1a9d5a439bc7f282c5ea153bd3cacbbc35ac70df8d4b9cd0e2e0d035f6eddce733d5adbeff00d22da7381e552c9c6aac76e734388f1494f278ef009b184b1cc737d403e96becf647d2733f9cfec22e2bcb2d68f71d8e009ec746f7fcd6fbbf3959ea78c1a3d580e7b7b11a1074da85f69b456f7bc3ab758f1b0b8eb201f53769b5f5fe624a74c32b2401b4179d393209edfe62b02a8738c1008d43a0ee9f168fa2a974eaa6cf561e0b8135bb713a13bbdbbdc76fa8df7ad125f0d70fa5e1a71df8494b534d758f668666753f2d518bb4519f3d144b9253ffd9003842494d042100000000005500000001010000000f00410064006f00620065002000500068006f0074006f00730068006f00700000001300410064006f00620065002000500068006f0074006f00730068006f0070002000430053003500000001003842494d04060000000000070006000000010100ffe10d19687474703a2f2f6e732e61646f62652e636f6d2f7861702f312e302f003c3f787061636b657420626567696e3d22efbbbf222069643d2257354d304d7043656869487a7265537a4e54637a6b633964223f3e0d0a3c783a786d706d65746120786d6c6e733a783d2261646f62653a6e733a6d6574612f2220783a786d70746b3d2241646f626520584d5020436f726520352e302d633036302036312e3133343737372c20323031302f30322f31322d31373a33323a30302020202020202020223e0d0a093c7264663a52444620786d6c6e733a7264663d22687474703a2f2f7777772e77332e6f72672f313939392f30322f32322d7264662d73796e7461782d6e7323223e0d0a09093c7264663a4465736372697074696f6e207264663a61626f75743d222220786d6c6e733a786d703d22687474703a2f2f6e732e61646f62652e636f6d2f7861702f312e302f2220786d6c6e733a64633d22687474703a2f2f7075726c2e6f72672f64632f656c656d656e74732f312e312f2220786d6c6e733a70686f746f73686f703d22687474703a2f2f6e732e61646f62652e636f6d2f70686f746f73686f702f312e302f2220786d6c6e733a786d704d4d3d22687474703a2f2f6e732e61646f62652e636f6d2f7861702f312e302f6d6d2f2220786d6c6e733a73744576743d22687474703a2f2f6e732e61646f62652e636f6d2f7861702f312e302f73547970652f5265736f757263654576656e74232220786d703a4d6f64696679446174653d22323031372d30322d31305431373a33383a34302b30353a30302220786d703a43726561746f72546f6f6c3d2241646f62652050686f746f73686f7020435336202857696e646f7773292220786d703a437265617465446174653d22323031372d30322d30325430333a35303a31342e36372220786d703a4d65746164617461446174653d22323031372d30322d31305431373a33383a34302b30353a3030222064633a666f726d61743d22696d6167652f6a706567222070686f746f73686f703a436f6c6f724d6f64653d2233222070686f746f73686f703a49434350726f66696c653d22735247422049454336313936362d322e312220786d704d4d3a496e7374616e636549443d22786d702e6969643a34424639433137393837454645363131384434454331423936304542433739362220786d704d4d3a446f63756d656e7449443d22786d702e6469643a34424639433137393837454645363131384434454331423936304542433739362220786d704d4d3a4f726967696e616c446f63756d656e7449443d22786d702e6469643a3442463943313739383745464536313138443445433142393630454243373936223e0d0a0909093c786d704d4d3a486973746f72793e0d0a090909093c7264663a5365713e0d0a09090909093c7264663a6c692073744576743a616374696f6e3d227361766564222073744576743a696e7374616e636549443d22786d702e6969643a3442463943313739383745464536313138443445433142393630454243373936222073744576743a7768656e3d22323031372d30322d31305431373a33383a34302b30353a3030222073744576743a736f6674776172654167656e743d2241646f62652050686f746f73686f70204353352057696e646f7773222073744576743a6368616e6765643d222f222f3e0d0a090909093c2f7264663a5365713e0d0a0909093c2f786d704d4d3a486973746f72793e0d0a09093c2f7264663a4465736372697074696f6e3e0d0a093c2f7264663a5244463e0d0a3c2f783a786d706d6574613e0d0a202020202020202020202020202020202020202020202020202020202020202020202020202020202020202020202020202020202020202020202020202020202020202020202020202020202020202020202020202020202020202020202020202020200a202020202020202020202020202020202020202020202020202020202020202020202020202020202020202020202020202020202020202020202020202020202020202020202020202020202020202020202020202020202020202020202020202020200a202020202020202020202020202020202020202020202020202020202020202020202020202020202020202020202020202020202020202020202020202020202020202020202020202020202020202020202020202020202020202020202020202020200a202020202020202020202020202020202020202020202020202020202020202020202020202020202020202020202020202020202020202020202020202020202020202020202020202020202020202020202020202020202020202020202020202020200a202020202020202020202020202020202020202020202020202020202020202020202020202020202020202020202020202020202020202020202020202020202020202020202020202020202020202020202020202020202020202020202020202020200a202020202020202020202020202020202020202020202020202020202020202020202020202020202020202020202020202020202020202020202020202020202020202020202020202020202020202020202020202020202020202020202020202020200a202020202020202020202020202020202020202020202020202020202020202020202020202020202020202020202020202020202020202020202020202020202020202020202020202020202020202020202020202020202020202020202020202020200a202020202020202020202020202020202020202020202020202020202020202020202020202020202020202020202020202020202020202020202020202020202020202020202020202020202020202020202020202020202020202020202020202020200a202020202020202020202020202020202020202020202020202020202020202020202020202020202020202020202020202020202020202020202020202020202020202020202020202020202020202020202020202020202020202020202020202020200a202020202020202020202020202020202020202020202020202020202020202020202020202020202020202020202020202020202020202020202020202020202020202020202020202020202020202020202020202020202020202020202020202020200a202020202020202020202020202020202020202020202020202020202020202020202020202020202020202020202020202020202020202020202020202020202020202020202020202020202020202020202020202020202020202020202020202020200a202020202020202020202020202020202020202020202020202020202020202020202020202020202020202020202020202020202020202020202020202020202020202020202020202020202020202020202020202020202020202020202020202020200a202020202020202020202020202020202020202020202020202020202020202020202020202020202020202020202020202020202020202020202020202020202020202020202020202020202020202020202020202020202020202020202020202020200a202020202020202020202020202020202020202020202020202020202020202020202020202020202020202020202020202020202020202020202020202020202020202020202020202020202020202020202020202020202020202020202020202020200a202020202020202020202020202020202020202020202020202020202020202020202020202020202020202020202020202020202020202020202020202020202020202020202020202020202020202020202020202020202020202020202020202020200a202020202020202020202020202020202020202020202020202020202020202020202020202020202020202020202020202020202020202020202020202020202020202020202020202020202020202020202020202020202020202020202020202020200a202020202020202020202020202020202020202020202020202020202020202020202020202020202020202020202020202020202020202020202020202020202020202020202020202020202020202020202020202020202020202020202020202020200a202020202020202020202020202020202020202020202020202020202020202020202020202020202020202020202020202020202020202020202020202020202020202020202020202020202020202020202020202020202020202020202020202020200a202020202020202020202020202020202020202020202020202020202020202020202020202020202020202020202020202020202020202020202020202020202020202020202020202020202020202020202020202020202020202020202020202020200a20202020202020202020202020202020202020202020202020202020202020202020202020202020202020202020202020202020202020202020202020202020202020202020202020202020202020202020202020202020202020203c3f787061636b657420656e643d2777273f3effe20c584943435f50524f46494c4500010100000c484c696e6f021000006d6e74725247422058595a2007ce00020009000600310000616373704d5346540000000049454320735247420000000000000000000000000000f6d6000100000000d32d4850202000000000000000000000000000000000000000000000000000000000000000000000000000000000000000000000001163707274000001500000003364657363000001840000006c77747074000001f000000014626b707400000204000000147258595a00000218000000146758595a0000022c000000146258595a0000024000000014646d6e640000025400000070646d6464000002c400000088767565640000034c0000008676696577000003d4000000246c756d69000003f8000000146d6561730000040c0000002474656368000004300000000c725452430000043c0000080c675452430000043c0000080c625452430000043c0000080c7465787400000000436f70797269676874202863292031393938204865776c6574742d5061636b61726420436f6d70616e790000646573630000000000000012735247422049454336313936362d322e31000000000000000000000012735247422049454336313936362d322e31000000000000000000000000000000000000000000000000000000000000000000000000000000000000000000000000000058595a20000000000000f35100010000000116cc58595a200000000000000000000000000000000058595a200000000000006fa2000038f50000039058595a2000000000000062990000b785000018da58595a2000000000000024a000000f840000b6cf64657363000000000000001649454320687474703a2f2f7777772e6965632e636800000000000000000000001649454320687474703a2f2f7777772e6965632e63680000000000000000000000000000000000000000000000000000000000000000000000000000000000000000000064657363000000000000002e4945432036313936362d322e312044656661756c742052474220636f6c6f7572207370616365202d207352474200000000000000000000002e4945432036313936362d322e312044656661756c742052474220636f6c6f7572207370616365202d20735247420000000000000000000000000000000000000000000064657363000000000000002c5265666572656e63652056696577696e6720436f6e646974696f6e20696e2049454336313936362d322e3100000000000000000000002c5265666572656e63652056696577696e6720436f6e646974696f6e20696e2049454336313936362d322e31000000000000000000000000000000000000000000000000000076696577000000000013a4fe00145f2e0010cf140003edcc0004130b00035c9e0000000158595a2000000000004c09560050000000571fe76d6561730000000000000001000000000000000000000000000000000000028f0000000273696720000000004352542063757276000000000000040000000005000a000f00140019001e00230028002d00320037003b00400045004a004f00540059005e00630068006d00720077007c00810086008b00900095009a009f00a400a900ae00b200b700bc00c100c600cb00d000d500db00e000e500eb00f000f600fb01010107010d01130119011f0125012b01320138013e0145014c0152015901600167016e0175017c0183018b0192019a01a101a901b101b901c101c901d101d901e101e901f201fa0203020c0214021d0226022f02380241024b0254025d02670271027a0284028e029802a202ac02b602c102cb02d502e002eb02f50300030b03160321032d03380343034f035a03660372037e038a039603a203ae03ba03c703d303e003ec03f9040604130420042d043b0448045504630471047e048c049a04a804b604c404d304e104f004fe050d051c052b053a05490558056705770586059605a605b505c505d505e505f6060606160627063706480659066a067b068c069d06af06c006d106e306f507070719072b073d074f076107740786079907ac07bf07d207e507f8080b081f08320846085a086e0882089608aa08be08d208e708fb09100925093a094f09640979098f09a409ba09cf09e509fb0a110a270a3d0a540a6a0a810a980aae0ac50adc0af30b0b0b220b390b510b690b800b980bb00bc80be10bf90c120c2a0c430c5c0c750c8e0ca70cc00cd90cf30d0d0d260d400d5a0d740d8e0da90dc30dde0df80e130e2e0e490e640e7f0e9b0eb60ed20eee0f090f250f410f5e0f7a0f960fb30fcf0fec1009102610431061107e109b10b910d710f511131131114f116d118c11aa11c911e81207122612451264128412a312c312e31303132313431363138313a413c513e5140614271449146a148b14ad14ce14f01512153415561578159b15bd15e0160316261649166c168f16b216d616fa171d17411765178917ae17d217f7181b18401865188a18af18d518fa19201945196b199119b719dd1a041a2a1a511a771a9e1ac51aec1b141b3b1b631b8a1bb21bda1c021c2a1c521c7b1ca31ccc1cf51d1e1d471d701d991dc31dec1e161e401e6a1e941ebe1ee91f131f3e1f691f941fbf1fea20152041206c209820c420f0211c2148217521a121ce21fb22272255228222af22dd230a23382366239423c223f0241f244d247c24ab24da250925382568259725c725f726272657268726b726e827182749277a27ab27dc280d283f287128a228d429062938296b299d29d02a022a352a682a9b2acf2b022b362b692b9d2bd12c052c392c6e2ca22cd72d0c2d412d762dab2de12e162e4c2e822eb72eee2f242f5a2f912fc72ffe3035306c30a430db3112314a318231ba31f2322a3263329b32d4330d3346337f33b833f1342b3465349e34d83513354d358735c235fd3637367236ae36e937243760379c37d738143850388c38c839053942397f39bc39f93a363a743ab23aef3b2d3b6b3baa3be83c273c653ca43ce33d223d613da13de03e203e603ea03ee03f213f613fa23fe24023406440a640e74129416a41ac41ee4230427242b542f7433a437d43c044034447448a44ce45124555459a45de4622466746ab46f04735477b47c04805484b489148d7491d496349a949f04a374a7d4ac44b0c4b534b9a4be24c2a4c724cba4d024d4a4d934ddc4e254e6e4eb74f004f494f934fdd5027507150bb51065150519b51e65231527c52c75313535f53aa53f65442548f54db5528557555c2560f565c56a956f75744579257e0582f587d58cb591a596959b85a075a565aa65af55b455b955be55c355c865cd65d275d785dc95e1a5e6c5ebd5f0f5f615fb36005605760aa60fc614f61a261f56249629c62f06343639763eb6440649464e9653d659265e7663d669266e8673d679367e9683f689668ec6943699a69f16a486a9f6af76b4f6ba76bff6c576caf6d086d606db96e126e6b6ec46f1e6f786fd1702b708670e0713a719571f0724b72a67301735d73b87414747074cc7528758575e1763e769b76f8775677b37811786e78cc792a798979e77a467aa57b047b637bc27c217c817ce17d417da17e017e627ec27f237f847fe5804780a8810a816b81cd8230829282f4835783ba841d848084e3854785ab860e867286d7873b879f8804886988ce8933899989fe8a648aca8b308b968bfc8c638cca8d318d988dff8e668ece8f368f9e9006906e90d6913f91a89211927a92e3934d93b69420948a94f4955f95c99634969f970a977597e0984c98b89924999099fc9a689ad59b429baf9c1c9c899cf79d649dd29e409eae9f1d9f8b9ffaa069a0d8a147a1b6a226a296a306a376a3e6a456a4c7a538a5a9a61aa68ba6fda76ea7e0a852a8c4a937a9a9aa1caa8fab02ab75abe9ac5cacd0ad44adb8ae2daea1af16af8bb000b075b0eab160b1d6b24bb2c2b338b3aeb425b49cb513b58ab601b679b6f0b768b7e0b859b8d1b94ab9c2ba3bbab5bb2ebba7bc21bc9bbd15bd8fbe0abe84beffbf7abff5c070c0ecc167c1e3c25fc2dbc358c3d4c451c4cec54bc5c8c646c6c3c741c7bfc83dc8bcc93ac9b9ca38cab7cb36cbb6cc35ccb5cd35cdb5ce36ceb6cf37cfb8d039d0bad13cd1bed23fd2c1d344d3c6d449d4cbd54ed5d1d655d6d8d75cd7e0d864d8e8d96cd9f1da76dafbdb80dc05dc8add10dd96de1cdea2df29dfafe036e0bde144e1cce253e2dbe363e3ebe473e4fce584e60de696e71fe7a9e832e8bce946e9d0ea5beae5eb70ebfbec86ed11ed9cee28eeb4ef40efccf058f0e5f172f1fff28cf319f3a7f434f4c2f550f5def66df6fbf78af819f8a8f938f9c7fa57fae7fb77fc07fc98fd29fdbafe4bfedcff6dffffffdb0043000201010201010202020202020202030503030303030604040305070607070706070708090b0908080a0807070a0d0a0a0b0c0c0c0c07090e0f0d0c0e0b0c0c0cffdb004301020202030303060303060c0807080c0c0c0c0c0c0c0c0c0c0c0c0c0c0c0c0c0c0c0c0c0c0c0c0c0c0c0c0c0c0c0c0c0c0c0c0c0c0c0c0c0c0c0c0c0c0c0c0c0cffc00011080064006403012200021101031101ffc4001f0000010501010101010100000000000000000102030405060708090a0bffc400b5100002010303020403050504040000017d01020300041105122131410613516107227114328191a1082342b1c11552d1f02433627282090a161718191a25262728292a3435363738393a434445464748494a535455565758595a636465666768696a737475767778797a838485868788898a92939495969798999aa2a3a4a5a6a7a8a9aab2b3b4b5b6b7b8b9bac2c3c4c5c6c7c8c9cad2d3d4d5d6d7d8d9dae1e2e3e4e5e6e7e8e9eaf1f2f3f4f5f6f7f8f9faffc4001f0100030101010101010101010000000000000102030405060708090a0bffc400b51100020102040403040705040400010277000102031104052131061241510761711322328108144291a1b1c109233352f0156272d10a162434e125f11718191a262728292a35363738393a434445464748494a535455565758595a636465666768696a737475767778797a82838485868788898a92939495969798999aa2a3a4a5a6a7a8a9aab2b3b4b5b6b7b8b9bac2c3c4c5c6c7c8c9cad2d3d4d5d6d7d8d9dae2e3e4e5e6e7e8e9eaf2f3f4f5f6f7f8f9faffda000c03010002110311003f00b1a1e9590bc5761a1e8db8af1fa553f0fe999dbc5771e1fd2338e28024d1742cedf96bacd23c3d903e5a9b41d13217e5fd2bb2d1341c85f968032f4df0de40f97f4adab3f0c647ddfd2ba4d2bc3bc2fcbfa555f8a3f11bc2bf017c1d26bde30d6ac742d2e33b7cdb9902991bb2a2f5663d80c9e6802947e16c8fbb492785f8fbbfa51e0ffda1fc0fe37f0de9fab69ba85c4fa7ea5099e198da3a6e4ce376d203119f406bb5d1a5d2fc54b37f66de5b5e35bf32c68dfbc8b9c7cc870ca33c6481cf1401e777be19c0fbb589aa786b19f96bd7affc3781f76b9fd5fc3d8ddf2fe9401e39ac787b1bbe5ae4b5ad0b01be5af64d7341c67e5fd2b8dd7f44c06f96803c92f346fdf9f97f4a2bacbed1c7da1b8a280317c39a7e76d77de1cd333b78ae6bc33679dbfe15e85e18b2fbb401d0787749cede3f4aee341d1b2178acaf0ce9f9db5df78774cfbbc50050f146b9a6fc32f036ade22d61da2d3745b57bbb82a3e770a38441fc523b6d455eaccca072457e636bbf1aadbf6a5f89fa9de78d23d1f54d6b54569e3b15d322d6a4f0f69d05b5dcd0db69e278da08a691c856720b48c15a41f28cfd2fff00059df8d37de07f04f82bc116967e259349f104d73acf89752d12d9e79b41b3b355682791551898fce2f26060ff00a1923382a7c4bfe08c1e0bd33f684fdaebc69a8db996e3c25a0da5bc16cd2589ff004b90306480b945f2cc291c5f21c07c12142a208d4a492bb2a117276476ff0004ff00674b8fd942d7c3de0bfb3f89fc65e1fd3daf91373182eeda33733b247248cd6f1dc472412a48db448a86ddc041b8107c31f88baf7c5afda06f3fb1f438fc3937877597d1b4ebcd46f5ed25d515d4159214f27cedca89292aab2290e0caa8a08afd36f15e9bff001265b310dbadbc617f76106d24118c0f6f6fff0057c3ff00f0558f86fe3687e1bdaf8a7c0ebf65f15784e4fb5e9f756cc9e62cc5d0b164903231e171bc3e1901391f21e48e2bdfe591e8ff0067b74f9e1b9f5368c57c41612ef58fed766e21ba54236ac9b43703b039e87047e44e66b5a16037cb5f19ff00c139ff006a8d53c3b3783e1f1045a7e9fa0f8ba2b6b71696adbd74069d9e3b7b4215142aac88480136ac7246e5d8c8cc7efbd7f47d8586df6aec3cc3c7f5fd1b01be5ae17c45a57def96bd87c47a5e37715c0789ac3ef500794ea1a5e2e5ba515bda858ffa53714500717e188bee57a3785e0fbb5e7be16e8b5e91e16e4ad0077fe18b6fbb5e87e1ab5e16b83f0b9036d7a3f8557cc9a35eccc05007e777fc157fe3bf84b52fdb27c25e13d5bc410dac5e108e16d4618e05b84b759a27919a690c6eb11d9284f281591fcc461f2a5697c0d97e2a7ecb1fb1149a3fc2bf08eada2cda7de91672d86a16135deb6b3b83f6cdb71672247180abc79e0805830c01b3c2bc670d9eb5fb79ea9adf882fa4d45bc41addeeaa2ce4bf71a6c048081806556388c46c8a5d541727cb902295fbf7f66df8d7ff0009a7ec9be0bf1f781af21d262bed023b58f4cbfd2df54b3645965da522865865172c6529c4843028acaccaac39f13539628eec0d2f69368f08fd943fe0a3ff001d3c3575a8eb1f1bfc33af6b9e018efa3b2b7bdd3b4cd3e4d627ba9e6f2ad638a0b59238e756778a1db10964f31f20edddb39af8f9fb78fc56f8a505ceb5e11d2f50d37c177f757915b8b9d26d61be821b79160ccab70d29f31a6f306d48c9510b0201381f66780b42bc9fc5ba0fc44f8ad7b691e87e10126a3a1dbe97a5b43a75a5dcb1c917db2f0f9b70ef2430492244cac214375213bdc42ebc9e81f106ea1f8cbe33d5bc1d369ede01d53521751aeb5a44e861bf9768b992d5c4b11fb3c93969b3b1899a79195d91801c71947e2697e87ad2a73f862dd97a5cf8374cd72f85b59e8b1e9b2dac3a25f35bc4b6f0eccca318f902eff33c85541bb92ca46d4fbcdfadbe08f1149e3cf869a2eb171188eeafad15ae132a76ca3e57fbbc7de07a71835f967f1f45c5c78cdfc3971a9595bf8c34cd4a5d6efa0834911a5dc8d31f3184734aeeae22e16432040226c2ab3027f447f634f1aaf8afe01e971ef8fcc82d619910a491ce2395030f35240195c3060d919241240cd7a71d5267cfd48b5271f337fc4b6a30def5e79e27b7c6eaf4cf1291b5abcebc51c2b7d78a66679e6a3062e9a8a9b53ff8fb6a2803ccbc2f37dde6bd17c313f0b5e53e19bbc05af44f0cdf60ad007ac7862e785af46f09ddfefe2f9b69dc307d3debc8bc35a870bcd76b6be248f49d2a6b99a55862850b3c8ec15635039624f0001927e9401f86bfb6f7ed19a7dafc4ef16786fc390cd6d37db85bdfcb7d0c5204640eb3c7149cb0557c20c287cf9ac71942df49ff00c102ff006d971e1c87e00f89ae23b1be96696e3c377138318b9b797334b6c4e7e57dde63213b77ab155cede7f383e316bebe2efda03c45e226b865d375cd7aeaee1980c8225b977f3086c1e99201ebd0e2bddfe007c5fd0bc39abe911cfa5dbd8f89bc5e16ca179b744520956608a650fe62c51db29dbe5f08c1460b6e358d6a6a70b33ab0f5654ea2713f73f53fd9a3c3fe016b93e15f015aac57d335c5c0b2125acbb9f7799b268ae2dd829f9484326d52a36a0c73f357c76d4743fd89bc25a8f8baf34bb1d06e6e76e9f626e6591d822b6582079247612c8cacc43124a28dc40017cd34ff00f8291fc69f823f096cf41d2b54f0ff008da6df1c115d6bd04c26d3a26da36cb75136d9f6ee18665dd8077bb9f99bf357fe0a47fb6978fbf693f8d51b7883c4126a10e965da04b5b416967049b704411e4bf979c90ceccec1c679073c74e9f3fbb73daad8d70a7b6bfd7cbeed4fa0acff0068ad4bf69df884da85c45a549e26d5351d425d1236ccde75c885a682d63453ba4f3a6f26de404800488aa621935f717c20fda6b4bfd9e4e97757baf69ba1b7d92c6d350d1ee2e59859dc0558a7b5b9f2e2256ed0e17076876f9c8529b6be02fd8a3e1cff00c2bff851a5fc4e8752b58bc5da6de79d6d26a3b7c9b0b76002c446e054ca2427820b2cd181b79dde8bf12fe25ea3e35d2dbc54fad689a68d352ea2d32cedac4dbb5aa33b45e6cf777132c7feae521155494de919c49b5a4f44f9f5aee7eb47843e31787be36f8261f10f863515d4b49ba7923497ca785d5d18a32b4722aba3020f0ca0f7ef5cff008a2e73babe1bff00824fdbff00c2a5b0f156a76faf5d5e786359be92d34e86680c4dae47048aada9460b118da64381b8e07de208cfd99e24d495d49560ca79041c822990edd0e6f51b902e9a8acbbfbe1f696a2811e47e1bd470179aefbc39aa6ddbcfeb5e43a06a980bcd771e1fd630579a00f62f0eead8dbcd7927fc141be38c3a37c06d6bc3d15f4d651eb168d05f5ddbe0ca909215e38c1e18be446de8aec38272bbd378a1acf4c7287e6dbcf38cff0087d6bf3a7fe0a0bfb40b6b9f169f456fb54cba505dd02a9b743950ed216e0e3e6f2c6d393b59b3b99450078b78dfc250fc45f8a2baa476b6ba0f87ae1244b7b6b14d8abe52ac6562c1271b8b65b7005988c96e4f37afebd77a8f883c3f2e9778b1de5d5ecd68eb05b41279e88226550a06796cb96725a4658c3330405204f88d77e3096f2d1f6b4cda6793688fbd208add19beeaae4ed2fb9be6c873f2ae5d7e7f55fd8f7f667bef187c7df0ddd69f1db7f68e9f335d580b881becb6ccaf1e6555403cd3164805c856c0623628deb74697b33ea0f02fc38f117c43f86da0ea31e9772f6faf58c52a646c488ed2b296dc485e769c13c0e4e3277797f8a3f65bf07f807418354f1f787ee35ab8d722bdd4adefa27924fec382c1c4b2a8b6539f299c46249a40db21958fee9048d5fa2de19f84561f0a3f678fecb866ba59a1d34db5ccb2caf33ed8d4ee20fdfc3904e0777200e715f9e7e2efda43c49e29f1beada5ea4d0dbe95a2c6f6b6f6d35aac9359c6d3bb86404ed3900e54e770da151812b5e7508b8d5b1ece2aa46a61ee9dccbd17e2b5a7c4df105bde7849b505d0f58bfb59ad74892c42c6ea19deecdc0621218e19274552be62a4a8854bbb85af6cf14ea7e17fd9dfe1df88f5afed29a1bed43cd966d52f7cdb7b6b6b3dc3c98246de54a09654555578d65924042330531fcaff0000ff006b5f0ff8534fb3f0d6bbac693e1d3f0fee9a39c89ff73acdb1909648c8123cb3acab1318d501653f2b2aa48a6b7c57d57c6dff00052cf1858a6a178da5f813c3770f75a6e9572e618a35690859658e327ceba10b2a165e1114a2633f37a478cf43d53f671fdaafc47f17fe25696ba37f6ddd784e69a17b99eee00adaac9e698ade451976b68c8da12366cbecc37dc3bbf486c35ffb6787a193cc0db97b107691c11c7a1c8fae6be13f05fc0d87e1cf8034bd2f4fb1d6ad741d42d2db508a09ee20dd2deba803718933218f1fba404040180405999feacf87baa496fe00b0591a4c88c00246dccaa0600273cf4efcfaf393410ce86ff53cdcb7f8d15cc5eead9b86f9a8a04791e89aae36f35d8687ad6dc7cd5e53a46abb76f35d4e8face31cd007a636be12dbe66fbded9cfad7cb9fb56fece5a2f8bfe24693ab491d8cd6fe4c31bd9a3a0b8d4a4491d911936aaac78dc984209f2c05505598fbb5aeb5b907cded5a1a45d7d9a67957e59261f3918c91d813df1401f0afecf3fb2c69307c54f155bbebba358c96f3ec5b412f9579710e7e578e261bd42b796a5b3fbb030325c67f433e136996f6da3f86c68f23dbd9a5d4bf6c8234464993c9214b9c8c1dcb11c007ef11b029caf9df8a7e1e6897de339b5cbad06d754bcb85b6f2e5164b2cb6d346645f377f0ea3632afc8738ddc3640af50f045d47a4e936f0ed555873b400003c9c36071923071d89f6cd007af6957d9d096d6e5a36755d92346bb164ed9c738cfa738af86ff6bcfd9cf4bf05f81bc41aadbea4b6b379efa93d9c768bf6a1b1c342b1ca986084fc9973b504f26002c58fd61178a76a03bbf5ae6fe20d9e9fe24b295eeacedefb6c6c81668c4806e041c0208ce0fa1fe74acaf72b99dac7e56fc2dd3acfe1b78ebc71a3cda66916b757d3417531ba87ed71b5b5c1898ee76cb6c5390439257cf2080c1d87a97ece3afd8fc3cf08df1bc8e4b5b21e5dc5adb38089336c2cd1b606240b26ec120053bc81f3b0ab1fb61fc29b2f0bd96a3ab585895d5afa786383ecd109351781236f36e255504200e188453821d7e51b401e59e11d4aea79b4db5b7b792f7498df637931191414719cb9e43ec9141da31b8374072ec0fae3e11ebf67e25d2c5dda5ac36336a51bcd70cf708d312d9411c5ce46d0ac5800aa039000c6eaf5dd0fe24586a517d96ce5f96d9426d63ca8c6001ebd3b74f6e95f3bfc37b45bd4b8fec5d4a69e1d3d00cc52ef16e5dbccdbce00e0b12396e7903b771e06f0ab785b53bcbb8ae261f6a65792339d84e08e09193d8807381dcf6093d42eb5cfdefdea2b91b8d63329f98d1401e6fa5dcb71cd747a5ddc80af3451401bda75dc80afcd5bb6d76e1473da8a280352c6f645039f4ad08b50954fdeed9a28a00b70ea936dfbd4971a94cf0f2d451401e7ff0015f45b7d634f944d1ab79898247b608af873c636cde1fbcf165ddb4d3aadbcbe525beefdc80ef1eee319e7938ce0124800f345140d1f49fc0ad1e3d3fc076970ac5a49235b962c89f7a48f730e14103201e39279249e6bb6887d82dd62424ac63682dd719cff005a28a0450b8ba90ca7e6a28a2803ffd9);

-- --------------------------------------------------------

--
-- Table structure for table `user1_messages`
--

CREATE TABLE `user1_messages` (
  `user1_id` int(5) NOT NULL,
  `user1_message` varchar(300) DEFAULT NULL
) ENGINE=InnoDB DEFAULT CHARSET=latin1;

--
-- Dumping data for table `user1_messages`
--

INSERT INTO `user1_messages` (`user1_id`, `user1_message`) VALUES
(1, 'Hello world'),
(2, 'Merci Beaucoup'),
(3, 'Hola Amigo'),
(4, 'Hi'),
(5, 'Hey');

-- --------------------------------------------------------

--
-- Table structure for table `user2_messages`
--

CREATE TABLE `user2_messages` (
  `user2_id` int(5) NOT NULL,
  `user2_message` varchar(300) DEFAULT NULL
) ENGINE=InnoDB DEFAULT CHARSET=latin1;

--
-- Dumping data for table `user2_messages`
--

INSERT INTO `user2_messages` (`user2_id`, `user2_message`) VALUES
(1, 'Hello world'),
(2, 'Merci Beaucoup'),
(3, 'Hola Amigo'),
(4, 'Hi'),
(5, 'Hey');

-- --------------------------------------------------------

--
-- Table structure for table `users`
--

CREATE TABLE `users` (
  `user_id` int(5) NOT NULL,
  `DOB` date DEFAULT NULL,
  `FName` varchar(100) DEFAULT NULL,
  `Minit` varchar(1) DEFAULT NULL,
  `LName` varchar(100) DEFAULT NULL,
  `passwords` varchar(40) DEFAULT NULL
) ENGINE=InnoDB DEFAULT CHARSET=latin1;

--
-- Dumping data for table `users`
--

INSERT INTO `users` (`user_id`, `DOB`, `FName`, `Minit`, `LName`, `passwords`) VALUES
(1, '1997-11-15', 'Muhammad Qubais', ' ', 'Hafeez', NULL),
(2, '1997-04-20', 'Talha', ' ', 'Yaseen Haniff', NULL),
(3, '1997-02-11', 'Haris', '', 'Riaz', 'yolo'),
(5, '1998-03-11', 'Sabayna', 'R', 'Ali', NULL);

--
-- Indexes for dumped tables
--

--
-- Indexes for table `activity`
--
ALTER TABLE `activity`
  ADD PRIMARY KEY (`activity_no`);

--
-- Indexes for table `attributes`
--
ALTER TABLE `attributes`
  ADD PRIMARY KEY (`user_id`);

--
-- Indexes for table `feedback`
--
ALTER TABLE `feedback`
  ADD PRIMARY KEY (`feedback_no`),
  ADD KEY `fk3` (`user_id`),
  ADD KEY `fk4` (`hangout_no`);

--
-- Indexes for table `hangout`
--
ALTER TABLE `hangout`
  ADD PRIMARY KEY (`hangout_no`),
  ADD KEY `fk1` (`participant_1`),
  ADD KEY `fk2` (`participant_2`);

--
-- Indexes for table `involved_in`
--
ALTER TABLE `involved_in`
  ADD PRIMARY KEY (`activity_no`);

--
-- Indexes for table `matches`
--
ALTER TABLE `matches`
  ADD PRIMARY KEY (`user1_id`,`user2_id`);

--
-- Indexes for table `preferences`
--
ALTER TABLE `preferences`
  ADD PRIMARY KEY (`user_id`);

--
-- Indexes for table `profile_pictures`
--
ALTER TABLE `profile_pictures`
  ADD PRIMARY KEY (`user_id`,`picture_no`);

--
-- Indexes for table `user1_messages`
--
ALTER TABLE `user1_messages`
  ADD PRIMARY KEY (`user1_id`);

--
-- Indexes for table `user2_messages`
--
ALTER TABLE `user2_messages`
  ADD PRIMARY KEY (`user2_id`);

--
-- Indexes for table `users`
--
ALTER TABLE `users`
  ADD PRIMARY KEY (`user_id`);

--
-- Constraints for dumped tables
--

--
-- Constraints for table `feedback`
--
ALTER TABLE `feedback`
  ADD CONSTRAINT `fk3` FOREIGN KEY (`user_id`) REFERENCES `users` (`user_id`) ON DELETE SET NULL ON UPDATE CASCADE,
  ADD CONSTRAINT `fk4` FOREIGN KEY (`hangout_no`) REFERENCES `hangout` (`hangout_no`) ON DELETE SET NULL ON UPDATE CASCADE;

--
-- Constraints for table `hangout`
--
ALTER TABLE `hangout`
  ADD CONSTRAINT `fk1` FOREIGN KEY (`participant_1`) REFERENCES `users` (`user_id`) ON DELETE SET NULL ON UPDATE CASCADE,
  ADD CONSTRAINT `fk2` FOREIGN KEY (`participant_2`) REFERENCES `users` (`user_id`);
COMMIT;

/*!40101 SET CHARACTER_SET_CLIENT=@OLD_CHARACTER_SET_CLIENT */;
/*!40101 SET CHARACTER_SET_RESULTS=@OLD_CHARACTER_SET_RESULTS */;
/*!40101 SET COLLATION_CONNECTION=@OLD_COLLATION_CONNECTION */;
